<?xml version="1.0" encoding="ISO-8859-1" ?>
<link_info>
   <banner>TI ARM Linker PC v18.12.1.LTS</banner>
   <copyright>Copyright (c) 1996-2018 Texas Instruments Incorporated</copyright>
   <link_time>0x5dc36cfd</link_time>
   <link_errors>0x0</link_errors>
   <output_file>EGCP_450_Lab_6.out</output_file>
   <entry_point>
      <name>_c_int00_noargs</name>
      <address>0x409</address>
   </entry_point>
   <input_file_list>
      <input_file id="fl-2">
         <path>.\</path>
         <kind>object</kind>
         <file>DAC.obj</file>
         <name>DAC.obj</name>
      </input_file>
      <input_file id="fl-3">
         <path>.\</path>
         <kind>object</kind>
         <file>Piano.obj</file>
         <name>Piano.obj</name>
      </input_file>
      <input_file id="fl-4">
         <path>.\</path>
         <kind>object</kind>
         <file>Sound.obj</file>
         <name>Sound.obj</name>
      </input_file>
      <input_file id="fl-5">
         <path>.\</path>
         <kind>object</kind>
         <file>SysTickInts.obj</file>
         <name>SysTickInts.obj</name>
      </input_file>
      <input_file id="fl-6">
         <path>.\</path>
         <kind>object</kind>
         <file>main.obj</file>
         <name>main.obj</name>
      </input_file>
      <input_file id="fl-7">
         <path>.\</path>
         <kind>object</kind>
         <file>msp432_startup_ccs.obj</file>
         <name>msp432_startup_ccs.obj</name>
      </input_file>
      <input_file id="fl-b">
         <kind>object</kind>
         <file>&lt;internal&gt;</file>
         <name>&lt;internal&gt;</name>
      </input_file>
      <input_file id="fl-c1">
         <path>C:\ti\ccs901\ccs\tools\compiler\ti-cgt-arm_18.12.1.LTS\lib\</path>
         <kind>archive</kind>
         <file>rtsv7M4_T_le_v4SPD16_eabi.lib</file>
         <name>copy_zero_init.c.obj</name>
      </input_file>
      <input_file id="fl-c2">
         <path>C:\ti\ccs901\ccs\tools\compiler\ti-cgt-arm_18.12.1.LTS\lib\</path>
         <kind>archive</kind>
         <file>rtsv7M4_T_le_v4SPD16_eabi.lib</file>
         <name>copy_decompress_none.c.obj</name>
      </input_file>
      <input_file id="fl-c3">
         <path>C:\ti\ccs901\ccs\tools\compiler\ti-cgt-arm_18.12.1.LTS\lib\</path>
         <kind>archive</kind>
         <file>rtsv7M4_T_le_v4SPD16_eabi.lib</file>
         <name>copy_decompress_lzss.c.obj</name>
      </input_file>
      <input_file id="fl-c4">
         <path>C:\ti\ccs901\ccs\tools\compiler\ti-cgt-arm_18.12.1.LTS\lib\</path>
         <kind>archive</kind>
         <file>rtsv7M4_T_le_v4SPD16_eabi.lib</file>
         <name>boot_cortex_m.c.obj</name>
      </input_file>
      <input_file id="fl-c5">
         <path>C:\ti\ccs901\ccs\tools\compiler\ti-cgt-arm_18.12.1.LTS\lib\</path>
         <kind>archive</kind>
         <file>rtsv7M4_T_le_v4SPD16_eabi.lib</file>
         <name>memcpy_t2.asm.obj</name>
      </input_file>
      <input_file id="fl-c6">
         <path>C:\ti\ccs901\ccs\tools\compiler\ti-cgt-arm_18.12.1.LTS\lib\</path>
         <kind>archive</kind>
         <file>rtsv7M4_T_le_v4SPD16_eabi.lib</file>
         <name>memset_t2.asm.obj</name>
      </input_file>
      <input_file id="fl-c7">
         <path>C:\ti\ccs901\ccs\tools\compiler\ti-cgt-arm_18.12.1.LTS\lib\</path>
         <kind>archive</kind>
         <file>rtsv7M4_T_le_v4SPD16_eabi.lib</file>
         <name>autoinit.c.obj</name>
      </input_file>
      <input_file id="fl-c8">
         <path>C:\ti\ccs901\ccs\tools\compiler\ti-cgt-arm_18.12.1.LTS\lib\</path>
         <kind>archive</kind>
         <file>rtsv7M4_T_le_v4SPD16_eabi.lib</file>
         <name>pre_init.c.obj</name>
      </input_file>
      <input_file id="fl-c9">
         <path>C:\ti\ccs901\ccs\tools\compiler\ti-cgt-arm_18.12.1.LTS\lib\</path>
         <kind>archive</kind>
         <file>rtsv7M4_T_le_v4SPD16_eabi.lib</file>
         <name>cpy_tbl.c.obj</name>
      </input_file>
      <input_file id="fl-ca">
         <path>C:\ti\ccs901\ccs\tools\compiler\ti-cgt-arm_18.12.1.LTS\lib\</path>
         <kind>archive</kind>
         <file>rtsv7M4_T_le_v4SPD16_eabi.lib</file>
         <name>exit.c.obj</name>
      </input_file>
      <input_file id="fl-cb">
         <path>C:\ti\ccs901\ccs\tools\compiler\ti-cgt-arm_18.12.1.LTS\lib\</path>
         <kind>archive</kind>
         <file>rtsv7M4_T_le_v4SPD16_eabi.lib</file>
         <name>_lock.c.obj</name>
      </input_file>
      <input_file id="fl-cc">
         <path>C:\ti\ccs901\ccs\tools\compiler\ti-cgt-arm_18.12.1.LTS\lib\</path>
         <kind>archive</kind>
         <file>rtsv7M4_T_le_v4SPD16_eabi.lib</file>
         <name>args_main.c.obj</name>
      </input_file>
   </input_file_list>
   <object_component_list>
      <object_component id="oc-10">
         <name>.intvecs</name>
         <load_address>0x0</load_address>
         <run_address>0x0</run_address>
         <size>0x144</size>
         <input_file_ref idref="fl-7"/>
      </object_component>
      <object_component id="oc-25">
         <name>.text</name>
         <load_address>0x144</load_address>
         <run_address>0x144</run_address>
         <size>0x9a</size>
         <input_file_ref idref="fl-7"/>
      </object_component>
      <object_component id="oc-2b">
         <name>.text</name>
         <load_address>0x1e0</load_address>
         <run_address>0x1e0</run_address>
         <size>0x94</size>
         <input_file_ref idref="fl-5"/>
      </object_component>
      <object_component id="oc-31">
         <name>.text</name>
         <load_address>0x274</load_address>
         <run_address>0x274</run_address>
         <size>0x90</size>
         <input_file_ref idref="fl-3"/>
      </object_component>
      <object_component id="oc-78">
         <name>.text</name>
         <load_address>0x304</load_address>
         <run_address>0x304</run_address>
         <size>0x80</size>
         <input_file_ref idref="fl-4"/>
      </object_component>
      <object_component id="oc-ff">
         <name>.text:__TI_auto_init_nobinit_nopinit:__TI_auto_init_nobinit_nopinit</name>
         <load_address>0x384</load_address>
         <run_address>0x384</run_address>
         <size>0x44</size>
         <input_file_ref idref="fl-c7"/>
      </object_component>
      <object_component id="oc-7e">
         <name>.text</name>
         <load_address>0x3c8</load_address>
         <run_address>0x3c8</run_address>
         <size>0x40</size>
         <input_file_ref idref="fl-2"/>
      </object_component>
      <object_component id="oc-63">
         <name>.text:_c_int00_noargs:_c_int00_noargs</name>
         <load_address>0x408</load_address>
         <run_address>0x408</run_address>
         <size>0x34</size>
         <input_file_ref idref="fl-c4"/>
      </object_component>
      <object_component id="oc-51">
         <name>.text:decompress:ZI:__TI_zero_init_nomemset:__TI_zero_init_nomemset</name>
         <load_address>0x43c</load_address>
         <run_address>0x43c</run_address>
         <size>0x12</size>
         <input_file_ref idref="fl-c1"/>
      </object_component>
      <object_component id="oc-ba">
         <name>.text</name>
         <load_address>0x44e</load_address>
         <run_address>0x44e</run_address>
         <size>0x10</size>
         <input_file_ref idref="fl-6"/>
      </object_component>
      <object_component id="oc-b4">
         <name>.text:_system_pre_init</name>
         <load_address>0x45e</load_address>
         <run_address>0x45e</run_address>
         <size>0x4</size>
         <input_file_ref idref="fl-c8"/>
      </object_component>
      <object_component id="oc-f3">
         <name>.text:abort:abort</name>
         <load_address>0x462</load_address>
         <run_address>0x462</run_address>
         <size>0x4</size>
         <input_file_ref idref="fl-ca"/>
      </object_component>
      <object_component id="oc-88">
         <name>.const:.string:wave</name>
         <load_address>0x466</load_address>
         <run_address>0x466</run_address>
         <size>0x20</size>
         <input_file_ref idref="fl-5"/>
      </object_component>
      <object_component id="oc-1ac">
         <name>.cinit..bss.load</name>
         <load_address>0x488</load_address>
         <run_address>0x488</run_address>
         <size>0x8</size>
      </object_component>
      <object_component id="oc-1aa">
         <name>__TI_handler_table</name>
         <load_address>0x490</load_address>
         <run_address>0x490</run_address>
         <size>0x4</size>
      </object_component>
      <object_component id="oc-1ab">
         <name>__TI_cinit_table</name>
         <load_address>0x494</load_address>
         <run_address>0x494</run_address>
         <size>0x8</size>
      </object_component>
      <object_component id="oc-84">
         <name>.common:index</name>
         <uninitialized>true</uninitialized>
         <run_address>0x20000004</run_address>
         <size>0x4</size>
      </object_component>
      <object_component id="oc-87">
         <name>.common:Counts</name>
         <uninitialized>true</uninitialized>
         <run_address>0x20000000</run_address>
         <size>0x4</size>
      </object_component>
      <object_component id="oc-22">
         <name>.stack</name>
         <uninitialized>true</uninitialized>
         <run_address>0x2000fe00</run_address>
         <size>0x4</size>
         <input_file_ref idref="fl-c4"/>
      </object_component>
      <object_component id="oc-1ad">
         <name>.stack</name>
         <uninitialized>true</uninitialized>
         <run_address>0x2000fe00</run_address>
         <size>0x0</size>
      </object_component>
      <object_component id="oc-e1">
         <name>.debug_info</name>
         <load_address>0x0</load_address>
         <run_address>0x0</run_address>
         <size>0x51b</size>
         <input_file_ref idref="fl-2"/>
      </object_component>
      <object_component id="oc-7f">
         <name>.debug_info</name>
         <load_address>0x51b</load_address>
         <run_address>0x51b</run_address>
         <size>0x154</size>
         <input_file_ref idref="fl-2"/>
      </object_component>
      <object_component id="oc-d0">
         <name>.debug_info</name>
         <load_address>0x66f</load_address>
         <run_address>0x66f</run_address>
         <size>0x37e2</size>
         <input_file_ref idref="fl-2"/>
      </object_component>
      <object_component id="oc-94">
         <name>.debug_info</name>
         <load_address>0x3e51</load_address>
         <run_address>0x3e51</run_address>
         <size>0x26b</size>
         <input_file_ref idref="fl-2"/>
      </object_component>
      <object_component id="oc-d5">
         <name>.debug_info</name>
         <load_address>0x40bc</load_address>
         <run_address>0x40bc</run_address>
         <size>0x1055</size>
         <input_file_ref idref="fl-2"/>
      </object_component>
      <object_component id="oc-40">
         <name>.debug_info</name>
         <load_address>0x5111</load_address>
         <run_address>0x5111</run_address>
         <size>0x84</size>
         <input_file_ref idref="fl-2"/>
      </object_component>
      <object_component id="oc-dc">
         <name>.debug_info</name>
         <load_address>0x5195</load_address>
         <run_address>0x5195</run_address>
         <size>0x297</size>
         <input_file_ref idref="fl-2"/>
      </object_component>
      <object_component id="oc-8c">
         <name>.debug_info</name>
         <load_address>0x542c</load_address>
         <run_address>0x542c</run_address>
         <size>0xbb</size>
         <input_file_ref idref="fl-2"/>
      </object_component>
      <object_component id="oc-32">
         <name>.debug_info</name>
         <load_address>0x54e7</load_address>
         <run_address>0x54e7</run_address>
         <size>0x200</size>
         <input_file_ref idref="fl-3"/>
      </object_component>
      <object_component id="oc-7c">
         <name>.debug_info</name>
         <load_address>0x56e7</load_address>
         <run_address>0x56e7</run_address>
         <size>0x1b7</size>
         <input_file_ref idref="fl-4"/>
      </object_component>
      <object_component id="oc-85">
         <name>.debug_info</name>
         <load_address>0x589e</load_address>
         <run_address>0x589e</run_address>
         <size>0x624</size>
         <input_file_ref idref="fl-5"/>
      </object_component>
      <object_component id="oc-89">
         <name>.debug_info</name>
         <load_address>0x5ec2</load_address>
         <run_address>0x5ec2</run_address>
         <size>0xc4</size>
         <input_file_ref idref="fl-5"/>
      </object_component>
      <object_component id="oc-2d">
         <name>.debug_info</name>
         <load_address>0x5f86</load_address>
         <run_address>0x5f86</run_address>
         <size>0x211</size>
         <input_file_ref idref="fl-5"/>
      </object_component>
      <object_component id="oc-be">
         <name>.debug_info</name>
         <load_address>0x6197</load_address>
         <run_address>0x6197</run_address>
         <size>0x11a</size>
         <input_file_ref idref="fl-6"/>
      </object_component>
      <object_component id="oc-39">
         <name>.debug_info</name>
         <load_address>0x62b1</load_address>
         <run_address>0x62b1</run_address>
         <size>0x29c</size>
         <input_file_ref idref="fl-7"/>
      </object_component>
      <object_component id="oc-11">
         <name>.debug_info</name>
         <load_address>0x654d</load_address>
         <run_address>0x654d</run_address>
         <size>0xe3</size>
         <input_file_ref idref="fl-7"/>
      </object_component>
      <object_component id="oc-28">
         <name>.debug_info</name>
         <load_address>0x6630</load_address>
         <run_address>0x6630</run_address>
         <size>0x168f</size>
         <input_file_ref idref="fl-7"/>
      </object_component>
      <object_component id="oc-ad">
         <name>.debug_info</name>
         <load_address>0x7cbf</load_address>
         <run_address>0x7cbf</run_address>
         <size>0x2d8</size>
         <input_file_ref idref="fl-c1"/>
      </object_component>
      <object_component id="oc-53">
         <name>.debug_info</name>
         <load_address>0x7f97</load_address>
         <run_address>0x7f97</run_address>
         <size>0x1c3</size>
         <input_file_ref idref="fl-c1"/>
      </object_component>
      <object_component id="oc-a8">
         <name>.debug_info</name>
         <load_address>0x815a</load_address>
         <run_address>0x815a</run_address>
         <size>0x46</size>
         <input_file_ref idref="fl-c1"/>
      </object_component>
      <object_component id="oc-e9">
         <name>.debug_info</name>
         <load_address>0x81a0</load_address>
         <run_address>0x81a0</run_address>
         <size>0x2c</size>
         <input_file_ref idref="fl-c1"/>
      </object_component>
      <object_component id="oc-23">
         <name>.debug_info</name>
         <load_address>0x81cc</load_address>
         <run_address>0x81cc</run_address>
         <size>0x10f</size>
         <input_file_ref idref="fl-c4"/>
      </object_component>
      <object_component id="oc-64">
         <name>.debug_info</name>
         <load_address>0x82db</load_address>
         <run_address>0x82db</run_address>
         <size>0x1ad</size>
         <input_file_ref idref="fl-c4"/>
      </object_component>
      <object_component id="oc-13e">
         <name>.debug_info</name>
         <load_address>0x8488</load_address>
         <run_address>0x8488</run_address>
         <size>0x4b7</size>
         <input_file_ref idref="fl-c7"/>
      </object_component>
      <object_component id="oc-100">
         <name>.debug_info</name>
         <load_address>0x893f</load_address>
         <run_address>0x893f</run_address>
         <size>0x1aa</size>
         <input_file_ref idref="fl-c7"/>
      </object_component>
      <object_component id="oc-163">
         <name>.debug_info</name>
         <load_address>0x8ae9</load_address>
         <run_address>0x8ae9</run_address>
         <size>0x39</size>
         <input_file_ref idref="fl-c7"/>
      </object_component>
      <object_component id="oc-177">
         <name>.debug_info</name>
         <load_address>0x8b22</load_address>
         <run_address>0x8b22</run_address>
         <size>0x39</size>
         <input_file_ref idref="fl-c7"/>
      </object_component>
      <object_component id="oc-168">
         <name>.debug_info</name>
         <load_address>0x8b5b</load_address>
         <run_address>0x8b5b</run_address>
         <size>0x39</size>
         <input_file_ref idref="fl-c7"/>
      </object_component>
      <object_component id="oc-16d">
         <name>.debug_info</name>
         <load_address>0x8b94</load_address>
         <run_address>0x8b94</run_address>
         <size>0xcd</size>
         <input_file_ref idref="fl-c7"/>
      </object_component>
      <object_component id="oc-b5">
         <name>.debug_info</name>
         <load_address>0x8c61</load_address>
         <run_address>0x8c61</run_address>
         <size>0x157</size>
         <input_file_ref idref="fl-c8"/>
      </object_component>
      <object_component id="oc-f7">
         <name>.debug_info</name>
         <load_address>0x8db8</load_address>
         <run_address>0x8db8</run_address>
         <size>0x126</size>
         <input_file_ref idref="fl-ca"/>
      </object_component>
      <object_component id="oc-1ae">
         <name>.debug_info</name>
         <load_address>0x8ede</load_address>
         <run_address>0x8ede</run_address>
         <size>0x94</size>
      </object_component>
      <object_component id="oc-132">
         <name>.debug_line</name>
         <load_address>0x0</load_address>
         <run_address>0x0</run_address>
         <size>0x20</size>
         <input_file_ref idref="fl-2"/>
      </object_component>
      <object_component id="oc-83">
         <name>.debug_line</name>
         <load_address>0x20</load_address>
         <run_address>0x20</run_address>
         <size>0x5b</size>
         <input_file_ref idref="fl-2"/>
      </object_component>
      <object_component id="oc-d3">
         <name>.debug_line</name>
         <load_address>0x7b</load_address>
         <run_address>0x7b</run_address>
         <size>0x57</size>
         <input_file_ref idref="fl-2"/>
      </object_component>
      <object_component id="oc-97">
         <name>.debug_line</name>
         <load_address>0xd2</load_address>
         <run_address>0xd2</run_address>
         <size>0x6f</size>
         <input_file_ref idref="fl-2"/>
      </object_component>
      <object_component id="oc-d8">
         <name>.debug_line</name>
         <load_address>0x141</load_address>
         <run_address>0x141</run_address>
         <size>0x5a</size>
         <input_file_ref idref="fl-2"/>
      </object_component>
      <object_component id="oc-43">
         <name>.debug_line</name>
         <load_address>0x19b</load_address>
         <run_address>0x19b</run_address>
         <size>0x20</size>
         <input_file_ref idref="fl-2"/>
      </object_component>
      <object_component id="oc-df">
         <name>.debug_line</name>
         <load_address>0x1bb</load_address>
         <run_address>0x1bb</run_address>
         <size>0x73</size>
         <input_file_ref idref="fl-2"/>
      </object_component>
      <object_component id="oc-8f">
         <name>.debug_line</name>
         <load_address>0x22e</load_address>
         <run_address>0x22e</run_address>
         <size>0x70</size>
         <input_file_ref idref="fl-2"/>
      </object_component>
      <object_component id="oc-36">
         <name>.debug_line</name>
         <load_address>0x29e</load_address>
         <run_address>0x29e</run_address>
         <size>0x99</size>
         <input_file_ref idref="fl-3"/>
      </object_component>
      <object_component id="oc-79">
         <name>.debug_line</name>
         <load_address>0x337</load_address>
         <run_address>0x337</run_address>
         <size>0x6c</size>
         <input_file_ref idref="fl-4"/>
      </object_component>
      <object_component id="oc-cf">
         <name>.debug_line</name>
         <load_address>0x3a3</load_address>
         <run_address>0x3a3</run_address>
         <size>0x4e</size>
         <input_file_ref idref="fl-5"/>
      </object_component>
      <object_component id="oc-db">
         <name>.debug_line</name>
         <load_address>0x3f1</load_address>
         <run_address>0x3f1</run_address>
         <size>0x34</size>
         <input_file_ref idref="fl-5"/>
      </object_component>
      <object_component id="oc-2c">
         <name>.debug_line</name>
         <load_address>0x425</load_address>
         <run_address>0x425</run_address>
         <size>0x7d</size>
         <input_file_ref idref="fl-5"/>
      </object_component>
      <object_component id="oc-bd">
         <name>.debug_line</name>
         <load_address>0x4a2</load_address>
         <run_address>0x4a2</run_address>
         <size>0x49</size>
         <input_file_ref idref="fl-6"/>
      </object_component>
      <object_component id="oc-93">
         <name>.debug_line</name>
         <load_address>0x4eb</load_address>
         <run_address>0x4eb</run_address>
         <size>0x3b</size>
         <input_file_ref idref="fl-7"/>
      </object_component>
      <object_component id="oc-38">
         <name>.debug_line</name>
         <load_address>0x526</load_address>
         <run_address>0x526</run_address>
         <size>0x3b</size>
         <input_file_ref idref="fl-7"/>
      </object_component>
      <object_component id="oc-26">
         <name>.debug_line</name>
         <load_address>0x561</load_address>
         <run_address>0x561</run_address>
         <size>0x55a</size>
         <input_file_ref idref="fl-7"/>
      </object_component>
      <object_component id="oc-ef">
         <name>.debug_line</name>
         <load_address>0xabb</load_address>
         <run_address>0xabb</run_address>
         <size>0x95</size>
         <input_file_ref idref="fl-c1"/>
      </object_component>
      <object_component id="oc-55">
         <name>.debug_line</name>
         <load_address>0xb50</load_address>
         <run_address>0xb50</run_address>
         <size>0x4f</size>
         <input_file_ref idref="fl-c1"/>
      </object_component>
      <object_component id="oc-ab">
         <name>.debug_line</name>
         <load_address>0xb9f</load_address>
         <run_address>0xb9f</run_address>
         <size>0x34</size>
         <input_file_ref idref="fl-c1"/>
      </object_component>
      <object_component id="oc-ec">
         <name>.debug_line</name>
         <load_address>0xbd3</load_address>
         <run_address>0xbd3</run_address>
         <size>0x95</size>
         <input_file_ref idref="fl-c1"/>
      </object_component>
      <object_component id="oc-76">
         <name>.debug_line</name>
         <load_address>0xc68</load_address>
         <run_address>0xc68</run_address>
         <size>0x33</size>
         <input_file_ref idref="fl-c4"/>
      </object_component>
      <object_component id="oc-68">
         <name>.debug_line</name>
         <load_address>0xc9b</load_address>
         <run_address>0xc9b</run_address>
         <size>0x45</size>
         <input_file_ref idref="fl-c4"/>
      </object_component>
      <object_component id="oc-162">
         <name>.debug_line</name>
         <load_address>0xce0</load_address>
         <run_address>0xce0</run_address>
         <size>0xc2</size>
         <input_file_ref idref="fl-c7"/>
      </object_component>
      <object_component id="oc-104">
         <name>.debug_line</name>
         <load_address>0xda2</load_address>
         <run_address>0xda2</run_address>
         <size>0x6f</size>
         <input_file_ref idref="fl-c7"/>
      </object_component>
      <object_component id="oc-166">
         <name>.debug_line</name>
         <load_address>0xe11</load_address>
         <run_address>0xe11</run_address>
         <size>0x2e</size>
         <input_file_ref idref="fl-c7"/>
      </object_component>
      <object_component id="oc-17a">
         <name>.debug_line</name>
         <load_address>0xe3f</load_address>
         <run_address>0xe3f</run_address>
         <size>0x9d</size>
         <input_file_ref idref="fl-c7"/>
      </object_component>
      <object_component id="oc-16b">
         <name>.debug_line</name>
         <load_address>0xedc</load_address>
         <run_address>0xedc</run_address>
         <size>0x9a</size>
         <input_file_ref idref="fl-c7"/>
      </object_component>
      <object_component id="oc-170">
         <name>.debug_line</name>
         <load_address>0xf76</load_address>
         <run_address>0xf76</run_address>
         <size>0x96</size>
         <input_file_ref idref="fl-c7"/>
      </object_component>
      <object_component id="oc-b9">
         <name>.debug_line</name>
         <load_address>0x100c</load_address>
         <run_address>0x100c</run_address>
         <size>0x40</size>
         <input_file_ref idref="fl-c8"/>
      </object_component>
      <object_component id="oc-f6">
         <name>.debug_line</name>
         <load_address>0x104c</load_address>
         <run_address>0x104c</run_address>
         <size>0x3c</size>
         <input_file_ref idref="fl-ca"/>
      </object_component>
      <object_component id="oc-82">
         <name>.debug_frame</name>
         <load_address>0x0</load_address>
         <run_address>0x0</run_address>
         <size>0x6c</size>
         <input_file_ref idref="fl-2"/>
      </object_component>
      <object_component id="oc-35">
         <name>.debug_frame</name>
         <load_address>0x6c</load_address>
         <run_address>0x6c</run_address>
         <size>0x84</size>
         <input_file_ref idref="fl-3"/>
      </object_component>
      <object_component id="oc-7b">
         <name>.debug_frame</name>
         <load_address>0xf0</load_address>
         <run_address>0xf0</run_address>
         <size>0x70</size>
         <input_file_ref idref="fl-4"/>
      </object_component>
      <object_component id="oc-30">
         <name>.debug_frame</name>
         <load_address>0x160</load_address>
         <run_address>0x160</run_address>
         <size>0x74</size>
         <input_file_ref idref="fl-5"/>
      </object_component>
      <object_component id="oc-bc">
         <name>.debug_frame</name>
         <load_address>0x1d4</load_address>
         <run_address>0x1d4</run_address>
         <size>0x58</size>
         <input_file_ref idref="fl-6"/>
      </object_component>
      <object_component id="oc-27">
         <name>.debug_frame</name>
         <load_address>0x22c</load_address>
         <run_address>0x22c</run_address>
         <size>0x478</size>
         <input_file_ref idref="fl-7"/>
      </object_component>
      <object_component id="oc-56">
         <name>.debug_frame</name>
         <load_address>0x6a4</load_address>
         <run_address>0x6a4</run_address>
         <size>0x54</size>
         <input_file_ref idref="fl-c1"/>
      </object_component>
      <object_component id="oc-67">
         <name>.debug_frame</name>
         <load_address>0x6f8</load_address>
         <run_address>0x6f8</run_address>
         <size>0x50</size>
         <input_file_ref idref="fl-c4"/>
      </object_component>
      <object_component id="oc-103">
         <name>.debug_frame</name>
         <load_address>0x748</load_address>
         <run_address>0x748</run_address>
         <size>0x5c</size>
         <input_file_ref idref="fl-c7"/>
      </object_component>
      <object_component id="oc-b8">
         <name>.debug_frame</name>
         <load_address>0x7a4</load_address>
         <run_address>0x7a4</run_address>
         <size>0x54</size>
         <input_file_ref idref="fl-c8"/>
      </object_component>
      <object_component id="oc-f5">
         <name>.debug_frame</name>
         <load_address>0x7f8</load_address>
         <run_address>0x7f8</run_address>
         <size>0x54</size>
         <input_file_ref idref="fl-ca"/>
      </object_component>
      <object_component id="oc-131">
         <name>.debug_abbrev</name>
         <load_address>0x0</load_address>
         <run_address>0x0</run_address>
         <size>0x71</size>
         <input_file_ref idref="fl-2"/>
      </object_component>
      <object_component id="oc-cd">
         <name>.debug_abbrev</name>
         <load_address>0x71</load_address>
         <run_address>0x71</run_address>
         <size>0x6c</size>
         <input_file_ref idref="fl-2"/>
      </object_component>
      <object_component id="oc-d2">
         <name>.debug_abbrev</name>
         <load_address>0xdd</load_address>
         <run_address>0xdd</run_address>
         <size>0xbd</size>
         <input_file_ref idref="fl-2"/>
      </object_component>
      <object_component id="oc-96">
         <name>.debug_abbrev</name>
         <load_address>0x19a</load_address>
         <run_address>0x19a</run_address>
         <size>0x69</size>
         <input_file_ref idref="fl-2"/>
      </object_component>
      <object_component id="oc-d7">
         <name>.debug_abbrev</name>
         <load_address>0x203</load_address>
         <run_address>0x203</run_address>
         <size>0x97</size>
         <input_file_ref idref="fl-2"/>
      </object_component>
      <object_component id="oc-42">
         <name>.debug_abbrev</name>
         <load_address>0x29a</load_address>
         <run_address>0x29a</run_address>
         <size>0x1f</size>
         <input_file_ref idref="fl-2"/>
      </object_component>
      <object_component id="oc-de">
         <name>.debug_abbrev</name>
         <load_address>0x2b9</load_address>
         <run_address>0x2b9</run_address>
         <size>0x5c</size>
         <input_file_ref idref="fl-2"/>
      </object_component>
      <object_component id="oc-8e">
         <name>.debug_abbrev</name>
         <load_address>0x315</load_address>
         <run_address>0x315</run_address>
         <size>0x24</size>
         <input_file_ref idref="fl-2"/>
      </object_component>
      <object_component id="oc-91">
         <name>.debug_abbrev</name>
         <load_address>0x339</load_address>
         <run_address>0x339</run_address>
         <size>0x9b</size>
         <input_file_ref idref="fl-3"/>
      </object_component>
      <object_component id="oc-cc">
         <name>.debug_abbrev</name>
         <load_address>0x3d4</load_address>
         <run_address>0x3d4</run_address>
         <size>0x7a</size>
         <input_file_ref idref="fl-4"/>
      </object_component>
      <object_component id="oc-ce">
         <name>.debug_abbrev</name>
         <load_address>0x44e</load_address>
         <run_address>0x44e</run_address>
         <size>0xba</size>
         <input_file_ref idref="fl-5"/>
      </object_component>
      <object_component id="oc-da">
         <name>.debug_abbrev</name>
         <load_address>0x508</load_address>
         <run_address>0x508</run_address>
         <size>0x29</size>
         <input_file_ref idref="fl-5"/>
      </object_component>
      <object_component id="oc-8b">
         <name>.debug_abbrev</name>
         <load_address>0x531</load_address>
         <run_address>0x531</run_address>
         <size>0x7a</size>
         <input_file_ref idref="fl-5"/>
      </object_component>
      <object_component id="oc-f2">
         <name>.debug_abbrev</name>
         <load_address>0x5ab</load_address>
         <run_address>0x5ab</run_address>
         <size>0x52</size>
         <input_file_ref idref="fl-6"/>
      </object_component>
      <object_component id="oc-92">
         <name>.debug_abbrev</name>
         <load_address>0x5fd</load_address>
         <run_address>0x5fd</run_address>
         <size>0x68</size>
         <input_file_ref idref="fl-7"/>
      </object_component>
      <object_component id="oc-37">
         <name>.debug_abbrev</name>
         <load_address>0x665</load_address>
         <run_address>0x665</run_address>
         <size>0x29</size>
         <input_file_ref idref="fl-7"/>
      </object_component>
      <object_component id="oc-77">
         <name>.debug_abbrev</name>
         <load_address>0x68e</load_address>
         <run_address>0x68e</run_address>
         <size>0xf8</size>
         <input_file_ref idref="fl-7"/>
      </object_component>
      <object_component id="oc-ee">
         <name>.debug_abbrev</name>
         <load_address>0x786</load_address>
         <run_address>0x786</run_address>
         <size>0x5d</size>
         <input_file_ref idref="fl-c1"/>
      </object_component>
      <object_component id="oc-a7">
         <name>.debug_abbrev</name>
         <load_address>0x7e3</load_address>
         <run_address>0x7e3</run_address>
         <size>0x6f</size>
         <input_file_ref idref="fl-c1"/>
      </object_component>
      <object_component id="oc-aa">
         <name>.debug_abbrev</name>
         <load_address>0x852</load_address>
         <run_address>0x852</run_address>
         <size>0x24</size>
         <input_file_ref idref="fl-c1"/>
      </object_component>
      <object_component id="oc-eb">
         <name>.debug_abbrev</name>
         <load_address>0x876</load_address>
         <run_address>0x876</run_address>
         <size>0x24</size>
         <input_file_ref idref="fl-c1"/>
      </object_component>
      <object_component id="oc-75">
         <name>.debug_abbrev</name>
         <load_address>0x89a</load_address>
         <run_address>0x89a</run_address>
         <size>0x29</size>
         <input_file_ref idref="fl-c4"/>
      </object_component>
      <object_component id="oc-c3">
         <name>.debug_abbrev</name>
         <load_address>0x8c3</load_address>
         <run_address>0x8c3</run_address>
         <size>0x55</size>
         <input_file_ref idref="fl-c4"/>
      </object_component>
      <object_component id="oc-161">
         <name>.debug_abbrev</name>
         <load_address>0x918</load_address>
         <run_address>0x918</run_address>
         <size>0xc0</size>
         <input_file_ref idref="fl-c7"/>
      </object_component>
      <object_component id="oc-13d">
         <name>.debug_abbrev</name>
         <load_address>0x9d8</load_address>
         <run_address>0x9d8</run_address>
         <size>0x7e</size>
         <input_file_ref idref="fl-c7"/>
      </object_component>
      <object_component id="oc-165">
         <name>.debug_abbrev</name>
         <load_address>0xa56</load_address>
         <run_address>0xa56</run_address>
         <size>0x24</size>
         <input_file_ref idref="fl-c7"/>
      </object_component>
      <object_component id="oc-179">
         <name>.debug_abbrev</name>
         <load_address>0xa7a</load_address>
         <run_address>0xa7a</run_address>
         <size>0x24</size>
         <input_file_ref idref="fl-c7"/>
      </object_component>
      <object_component id="oc-16a">
         <name>.debug_abbrev</name>
         <load_address>0xa9e</load_address>
         <run_address>0xa9e</run_address>
         <size>0x24</size>
         <input_file_ref idref="fl-c7"/>
      </object_component>
      <object_component id="oc-16f">
         <name>.debug_abbrev</name>
         <load_address>0xac2</load_address>
         <run_address>0xac2</run_address>
         <size>0x4b</size>
         <input_file_ref idref="fl-c7"/>
      </object_component>
      <object_component id="oc-f1">
         <name>.debug_abbrev</name>
         <load_address>0xb0d</load_address>
         <run_address>0xb0d</run_address>
         <size>0x55</size>
         <input_file_ref idref="fl-c8"/>
      </object_component>
      <object_component id="oc-133">
         <name>.debug_abbrev</name>
         <load_address>0xb62</load_address>
         <run_address>0xb62</run_address>
         <size>0x45</size>
         <input_file_ref idref="fl-ca"/>
      </object_component>
      <object_component id="oc-1af">
         <name>.debug_abbrev</name>
         <load_address>0xba7</load_address>
         <run_address>0xba7</run_address>
         <size>0xf</size>
      </object_component>
      <object_component id="oc-d4">
         <name>.debug_str</name>
         <load_address>0x0</load_address>
         <run_address>0x0</run_address>
         <size>0x15bd</size>
         <input_file_ref idref="fl-2"/>
      </object_component>
      <object_component id="oc-98">
         <name>.debug_str</name>
         <load_address>0x15bd</load_address>
         <run_address>0x15bd</run_address>
         <size>0x2a5</size>
         <input_file_ref idref="fl-2"/>
      </object_component>
      <object_component id="oc-d9">
         <name>.debug_str</name>
         <load_address>0x1862</load_address>
         <run_address>0x1862</run_address>
         <size>0x479</size>
         <input_file_ref idref="fl-2"/>
      </object_component>
      <object_component id="oc-44">
         <name>.debug_str</name>
         <load_address>0x1cdb</load_address>
         <run_address>0x1cdb</run_address>
         <size>0xfe</size>
         <input_file_ref idref="fl-2"/>
      </object_component>
      <object_component id="oc-e0">
         <name>.debug_str</name>
         <load_address>0x1dd9</load_address>
         <run_address>0x1dd9</run_address>
         <size>0x334</size>
         <input_file_ref idref="fl-2"/>
      </object_component>
      <object_component id="oc-90">
         <name>.debug_str</name>
         <load_address>0x210d</load_address>
         <run_address>0x210d</run_address>
         <size>0x13d</size>
         <input_file_ref idref="fl-2"/>
      </object_component>
      <object_component id="oc-ac">
         <name>.debug_str</name>
         <load_address>0x224a</load_address>
         <run_address>0x224a</run_address>
         <size>0x109</size>
         <input_file_ref idref="fl-c1"/>
      </object_component>
      <object_component id="oc-ed">
         <name>.debug_str</name>
         <load_address>0x2353</load_address>
         <run_address>0x2353</run_address>
         <size>0x147</size>
         <input_file_ref idref="fl-c1"/>
      </object_component>
      <object_component id="oc-167">
         <name>.debug_str</name>
         <load_address>0x249a</load_address>
         <run_address>0x249a</run_address>
         <size>0xf1</size>
         <input_file_ref idref="fl-c7"/>
      </object_component>
      <object_component id="oc-17b">
         <name>.debug_str</name>
         <load_address>0x258b</load_address>
         <run_address>0x258b</run_address>
         <size>0x15e</size>
         <input_file_ref idref="fl-c7"/>
      </object_component>
      <object_component id="oc-16c">
         <name>.debug_str</name>
         <load_address>0x26e9</load_address>
         <run_address>0x26e9</run_address>
         <size>0x157</size>
         <input_file_ref idref="fl-c7"/>
      </object_component>
      <object_component id="oc-171">
         <name>.debug_str</name>
         <load_address>0x2840</load_address>
         <run_address>0x2840</run_address>
         <size>0x19e</size>
         <input_file_ref idref="fl-c7"/>
      </object_component>
      <object_component id="oc-80">
         <name>.debug_aranges</name>
         <load_address>0x0</load_address>
         <run_address>0x0</run_address>
         <size>0x28</size>
         <input_file_ref idref="fl-2"/>
      </object_component>
      <object_component id="oc-33">
         <name>.debug_aranges</name>
         <load_address>0x28</load_address>
         <run_address>0x28</run_address>
         <size>0x30</size>
         <input_file_ref idref="fl-3"/>
      </object_component>
      <object_component id="oc-7a">
         <name>.debug_aranges</name>
         <load_address>0x58</load_address>
         <run_address>0x58</run_address>
         <size>0x28</size>
         <input_file_ref idref="fl-4"/>
      </object_component>
      <object_component id="oc-2e">
         <name>.debug_aranges</name>
         <load_address>0x80</load_address>
         <run_address>0x80</run_address>
         <size>0x28</size>
         <input_file_ref idref="fl-5"/>
      </object_component>
      <object_component id="oc-bb">
         <name>.debug_aranges</name>
         <load_address>0xa8</load_address>
         <run_address>0xa8</run_address>
         <size>0x20</size>
         <input_file_ref idref="fl-6"/>
      </object_component>
      <object_component id="oc-2a">
         <name>.debug_aranges</name>
         <load_address>0xc8</load_address>
         <run_address>0xc8</run_address>
         <size>0x1c8</size>
         <input_file_ref idref="fl-7"/>
      </object_component>
      <object_component id="oc-52">
         <name>.debug_aranges</name>
         <load_address>0x290</load_address>
         <run_address>0x290</run_address>
         <size>0x20</size>
         <input_file_ref idref="fl-c1"/>
      </object_component>
      <object_component id="oc-65">
         <name>.debug_aranges</name>
         <load_address>0x2b0</load_address>
         <run_address>0x2b0</run_address>
         <size>0x20</size>
         <input_file_ref idref="fl-c4"/>
      </object_component>
      <object_component id="oc-102">
         <name>.debug_aranges</name>
         <load_address>0x2d0</load_address>
         <run_address>0x2d0</run_address>
         <size>0x20</size>
         <input_file_ref idref="fl-c7"/>
      </object_component>
      <object_component id="oc-b6">
         <name>.debug_aranges</name>
         <load_address>0x2f0</load_address>
         <run_address>0x2f0</run_address>
         <size>0x20</size>
         <input_file_ref idref="fl-c8"/>
      </object_component>
      <object_component id="oc-f4">
         <name>.debug_aranges</name>
         <load_address>0x310</load_address>
         <run_address>0x310</run_address>
         <size>0x20</size>
         <input_file_ref idref="fl-ca"/>
      </object_component>
      <object_component id="oc-81">
         <name>.debug_pubnames</name>
         <load_address>0x0</load_address>
         <run_address>0x0</run_address>
         <size>0x2e</size>
         <input_file_ref idref="fl-2"/>
      </object_component>
      <object_component id="oc-34">
         <name>.debug_pubnames</name>
         <load_address>0x2e</load_address>
         <run_address>0x2e</run_address>
         <size>0x43</size>
         <input_file_ref idref="fl-3"/>
      </object_component>
      <object_component id="oc-7d">
         <name>.debug_pubnames</name>
         <load_address>0x71</load_address>
         <run_address>0x71</run_address>
         <size>0x30</size>
         <input_file_ref idref="fl-4"/>
      </object_component>
      <object_component id="oc-86">
         <name>.debug_pubnames</name>
         <load_address>0xa1</load_address>
         <run_address>0xa1</run_address>
         <size>0x27</size>
         <input_file_ref idref="fl-5"/>
      </object_component>
      <object_component id="oc-8a">
         <name>.debug_pubnames</name>
         <load_address>0xc8</load_address>
         <run_address>0xc8</run_address>
         <size>0x1b</size>
         <input_file_ref idref="fl-5"/>
      </object_component>
      <object_component id="oc-2f">
         <name>.debug_pubnames</name>
         <load_address>0xe3</load_address>
         <run_address>0xe3</run_address>
         <size>0x37</size>
         <input_file_ref idref="fl-5"/>
      </object_component>
      <object_component id="oc-bf">
         <name>.debug_pubnames</name>
         <load_address>0x11a</load_address>
         <run_address>0x11a</run_address>
         <size>0x1b</size>
         <input_file_ref idref="fl-6"/>
      </object_component>
      <object_component id="oc-12">
         <name>.debug_pubnames</name>
         <load_address>0x135</load_address>
         <run_address>0x135</run_address>
         <size>0x27</size>
         <input_file_ref idref="fl-7"/>
      </object_component>
      <object_component id="oc-29">
         <name>.debug_pubnames</name>
         <load_address>0x15c</load_address>
         <run_address>0x15c</run_address>
         <size>0x474</size>
         <input_file_ref idref="fl-7"/>
      </object_component>
      <object_component id="oc-54">
         <name>.debug_pubnames</name>
         <load_address>0x5d0</load_address>
         <run_address>0x5d0</run_address>
         <size>0x2e</size>
         <input_file_ref idref="fl-c1"/>
      </object_component>
      <object_component id="oc-24">
         <name>.debug_pubnames</name>
         <load_address>0x5fe</load_address>
         <run_address>0x5fe</run_address>
         <size>0x1e</size>
         <input_file_ref idref="fl-c4"/>
      </object_component>
      <object_component id="oc-66">
         <name>.debug_pubnames</name>
         <load_address>0x61c</load_address>
         <run_address>0x61c</run_address>
         <size>0x26</size>
         <input_file_ref idref="fl-c4"/>
      </object_component>
      <object_component id="oc-101">
         <name>.debug_pubnames</name>
         <load_address>0x642</load_address>
         <run_address>0x642</run_address>
         <size>0x35</size>
         <input_file_ref idref="fl-c7"/>
      </object_component>
      <object_component id="oc-b7">
         <name>.debug_pubnames</name>
         <load_address>0x677</load_address>
         <run_address>0x677</run_address>
         <size>0x27</size>
         <input_file_ref idref="fl-c8"/>
      </object_component>
      <object_component id="oc-f8">
         <name>.debug_pubnames</name>
         <load_address>0x69e</load_address>
         <run_address>0x69e</run_address>
         <size>0x1c</size>
         <input_file_ref idref="fl-ca"/>
      </object_component>
      <object_component id="oc-d1">
         <name>.debug_pubtypes</name>
         <load_address>0x0</load_address>
         <run_address>0x0</run_address>
         <size>0x2ce</size>
         <input_file_ref idref="fl-2"/>
      </object_component>
      <object_component id="oc-95">
         <name>.debug_pubtypes</name>
         <load_address>0x2ce</load_address>
         <run_address>0x2ce</run_address>
         <size>0x25c</size>
         <input_file_ref idref="fl-2"/>
      </object_component>
      <object_component id="oc-d6">
         <name>.debug_pubtypes</name>
         <load_address>0x52a</load_address>
         <run_address>0x52a</run_address>
         <size>0xdd</size>
         <input_file_ref idref="fl-2"/>
      </object_component>
      <object_component id="oc-41">
         <name>.debug_pubtypes</name>
         <load_address>0x607</load_address>
         <run_address>0x607</run_address>
         <size>0xed</size>
         <input_file_ref idref="fl-2"/>
      </object_component>
      <object_component id="oc-dd">
         <name>.debug_pubtypes</name>
         <load_address>0x6f4</load_address>
         <run_address>0x6f4</run_address>
         <size>0x325</size>
         <input_file_ref idref="fl-2"/>
      </object_component>
      <object_component id="oc-8d">
         <name>.debug_pubtypes</name>
         <load_address>0xa19</load_address>
         <run_address>0xa19</run_address>
         <size>0xaa</size>
         <input_file_ref idref="fl-2"/>
      </object_component>
      <object_component id="oc-a9">
         <name>.debug_pubtypes</name>
         <load_address>0xac3</load_address>
         <run_address>0xac3</run_address>
         <size>0x48</size>
         <input_file_ref idref="fl-c1"/>
      </object_component>
      <object_component id="oc-ea">
         <name>.debug_pubtypes</name>
         <load_address>0xb0b</load_address>
         <run_address>0xb0b</run_address>
         <size>0x1d</size>
         <input_file_ref idref="fl-c1"/>
      </object_component>
      <object_component id="oc-164">
         <name>.debug_pubtypes</name>
         <load_address>0xb28</load_address>
         <run_address>0xb28</run_address>
         <size>0x32</size>
         <input_file_ref idref="fl-c7"/>
      </object_component>
      <object_component id="oc-178">
         <name>.debug_pubtypes</name>
         <load_address>0xb5a</load_address>
         <run_address>0xb5a</run_address>
         <size>0x30</size>
         <input_file_ref idref="fl-c7"/>
      </object_component>
      <object_component id="oc-169">
         <name>.debug_pubtypes</name>
         <load_address>0xb8a</load_address>
         <run_address>0xb8a</run_address>
         <size>0x2c</size>
         <input_file_ref idref="fl-c7"/>
      </object_component>
      <object_component id="oc-16e">
         <name>.debug_pubtypes</name>
         <load_address>0xbb6</load_address>
         <run_address>0xbb6</run_address>
         <size>0x50</size>
         <input_file_ref idref="fl-c7"/>
      </object_component>
   </object_component_list>
   <logical_group_list>
      <logical_group id="lg-4" display="no" color="cyan">
         <name>.intvecs</name>
         <load_address>0x0</load_address>
         <run_address>0x0</run_address>
         <size>0x144</size>
         <contents>
            <object_component_ref idref="oc-10"/>
         </contents>
      </logical_group>
      <logical_group id="lg-5" display="no" color="cyan">
         <name>.text</name>
         <load_address>0x144</load_address>
         <run_address>0x144</run_address>
         <size>0x322</size>
         <contents>
            <object_component_ref idref="oc-25"/>
            <object_component_ref idref="oc-2b"/>
            <object_component_ref idref="oc-31"/>
            <object_component_ref idref="oc-78"/>
            <object_component_ref idref="oc-ff"/>
            <object_component_ref idref="oc-7e"/>
            <object_component_ref idref="oc-63"/>
            <object_component_ref idref="oc-51"/>
            <object_component_ref idref="oc-ba"/>
            <object_component_ref idref="oc-b4"/>
            <object_component_ref idref="oc-f3"/>
         </contents>
      </logical_group>
      <logical_group id="lg-6" display="no" color="cyan">
         <name>.const</name>
         <load_address>0x466</load_address>
         <run_address>0x466</run_address>
         <size>0x20</size>
         <contents>
            <object_component_ref idref="oc-88"/>
         </contents>
      </logical_group>
      <logical_group id="lg-7" display="no" color="cyan">
         <name>.cinit</name>
         <load_address>0x488</load_address>
         <run_address>0x488</run_address>
         <size>0x14</size>
         <contents>
            <object_component_ref idref="oc-1ac"/>
            <object_component_ref idref="oc-1aa"/>
            <object_component_ref idref="oc-1ab"/>
         </contents>
      </logical_group>
      <logical_group id="lg-8" display="no" color="cyan">
         <name>.pinit</name>
         <run_address>0x0</run_address>
         <size>0x0</size>
         <contents>
         </contents>
      </logical_group>
      <logical_group id="lg-9" display="no" color="cyan">
         <name>.flashMailbox</name>
         <run_address>0x0</run_address>
         <size>0x0</size>
         <contents>
         </contents>
      </logical_group>
      <logical_group id="lg-a" display="no" color="cyan">
         <name>.vtable</name>
         <run_address>0x0</run_address>
         <size>0x0</size>
         <contents>
         </contents>
      </logical_group>
      <logical_group id="lg-b" display="no" color="cyan">
         <name>.data</name>
         <run_address>0x0</run_address>
         <size>0x0</size>
         <contents>
         </contents>
      </logical_group>
      <logical_group id="lg-c" display="no" color="cyan">
         <name>.bss</name>
         <run_address>0x20000000</run_address>
         <size>0x8</size>
         <contents>
            <object_component_ref idref="oc-84"/>
            <object_component_ref idref="oc-87"/>
         </contents>
      </logical_group>
      <logical_group id="lg-d" display="no" color="cyan">
         <name>.sysmem</name>
         <run_address>0x0</run_address>
         <size>0x0</size>
         <contents>
         </contents>
      </logical_group>
      <logical_group id="lg-e" display="no" color="cyan">
         <name>.stack</name>
         <run_address>0x2000fe00</run_address>
         <size>0x200</size>
         <contents>
            <object_component_ref idref="oc-22"/>
            <object_component_ref idref="oc-1ad"/>
         </contents>
      </logical_group>
      <logical_group id="lg-183" display="no" color="cyan">
         <name>.TI.noinit</name>
         <run_address>0x0</run_address>
         <size>0x0</size>
         <contents>
         </contents>
      </logical_group>
      <logical_group id="lg-184" display="no" color="cyan">
         <name>.TI.persistent</name>
         <run_address>0x0</run_address>
         <size>0x0</size>
         <contents>
         </contents>
      </logical_group>
      <logical_group id="lg-192" display="never" color="cyan">
         <name>.debug_info</name>
         <load_address>0x0</load_address>
         <run_address>0x0</run_address>
         <size>0x8f72</size>
         <contents>
            <object_component_ref idref="oc-e1"/>
            <object_component_ref idref="oc-7f"/>
            <object_component_ref idref="oc-d0"/>
            <object_component_ref idref="oc-94"/>
            <object_component_ref idref="oc-d5"/>
            <object_component_ref idref="oc-40"/>
            <object_component_ref idref="oc-dc"/>
            <object_component_ref idref="oc-8c"/>
            <object_component_ref idref="oc-32"/>
            <object_component_ref idref="oc-7c"/>
            <object_component_ref idref="oc-85"/>
            <object_component_ref idref="oc-89"/>
            <object_component_ref idref="oc-2d"/>
            <object_component_ref idref="oc-be"/>
            <object_component_ref idref="oc-39"/>
            <object_component_ref idref="oc-11"/>
            <object_component_ref idref="oc-28"/>
            <object_component_ref idref="oc-ad"/>
            <object_component_ref idref="oc-53"/>
            <object_component_ref idref="oc-a8"/>
            <object_component_ref idref="oc-e9"/>
            <object_component_ref idref="oc-23"/>
            <object_component_ref idref="oc-64"/>
            <object_component_ref idref="oc-13e"/>
            <object_component_ref idref="oc-100"/>
            <object_component_ref idref="oc-163"/>
            <object_component_ref idref="oc-177"/>
            <object_component_ref idref="oc-168"/>
            <object_component_ref idref="oc-16d"/>
            <object_component_ref idref="oc-b5"/>
            <object_component_ref idref="oc-f7"/>
            <object_component_ref idref="oc-1ae"/>
         </contents>
      </logical_group>
      <logical_group id="lg-194" display="never" color="cyan">
         <name>.debug_line</name>
         <load_address>0x0</load_address>
         <run_address>0x0</run_address>
         <size>0x1088</size>
         <contents>
            <object_component_ref idref="oc-132"/>
            <object_component_ref idref="oc-83"/>
            <object_component_ref idref="oc-d3"/>
            <object_component_ref idref="oc-97"/>
            <object_component_ref idref="oc-d8"/>
            <object_component_ref idref="oc-43"/>
            <object_component_ref idref="oc-df"/>
            <object_component_ref idref="oc-8f"/>
            <object_component_ref idref="oc-36"/>
            <object_component_ref idref="oc-79"/>
            <object_component_ref idref="oc-cf"/>
            <object_component_ref idref="oc-db"/>
            <object_component_ref idref="oc-2c"/>
            <object_component_ref idref="oc-bd"/>
            <object_component_ref idref="oc-93"/>
            <object_component_ref idref="oc-38"/>
            <object_component_ref idref="oc-26"/>
            <object_component_ref idref="oc-ef"/>
            <object_component_ref idref="oc-55"/>
            <object_component_ref idref="oc-ab"/>
            <object_component_ref idref="oc-ec"/>
            <object_component_ref idref="oc-76"/>
            <object_component_ref idref="oc-68"/>
            <object_component_ref idref="oc-162"/>
            <object_component_ref idref="oc-104"/>
            <object_component_ref idref="oc-166"/>
            <object_component_ref idref="oc-17a"/>
            <object_component_ref idref="oc-16b"/>
            <object_component_ref idref="oc-170"/>
            <object_component_ref idref="oc-b9"/>
            <object_component_ref idref="oc-f6"/>
         </contents>
      </logical_group>
      <logical_group id="lg-196" display="never" color="cyan">
         <name>.debug_frame</name>
         <load_address>0x0</load_address>
         <run_address>0x0</run_address>
         <size>0x84c</size>
         <contents>
            <object_component_ref idref="oc-82"/>
            <object_component_ref idref="oc-35"/>
            <object_component_ref idref="oc-7b"/>
            <object_component_ref idref="oc-30"/>
            <object_component_ref idref="oc-bc"/>
            <object_component_ref idref="oc-27"/>
            <object_component_ref idref="oc-56"/>
            <object_component_ref idref="oc-67"/>
            <object_component_ref idref="oc-103"/>
            <object_component_ref idref="oc-b8"/>
            <object_component_ref idref="oc-f5"/>
         </contents>
      </logical_group>
      <logical_group id="lg-198" display="never" color="cyan">
         <name>.debug_abbrev</name>
         <load_address>0x0</load_address>
         <run_address>0x0</run_address>
         <size>0xbb6</size>
         <contents>
            <object_component_ref idref="oc-131"/>
            <object_component_ref idref="oc-cd"/>
            <object_component_ref idref="oc-d2"/>
            <object_component_ref idref="oc-96"/>
            <object_component_ref idref="oc-d7"/>
            <object_component_ref idref="oc-42"/>
            <object_component_ref idref="oc-de"/>
            <object_component_ref idref="oc-8e"/>
            <object_component_ref idref="oc-91"/>
            <object_component_ref idref="oc-cc"/>
            <object_component_ref idref="oc-ce"/>
            <object_component_ref idref="oc-da"/>
            <object_component_ref idref="oc-8b"/>
            <object_component_ref idref="oc-f2"/>
            <object_component_ref idref="oc-92"/>
            <object_component_ref idref="oc-37"/>
            <object_component_ref idref="oc-77"/>
            <object_component_ref idref="oc-ee"/>
            <object_component_ref idref="oc-a7"/>
            <object_component_ref idref="oc-aa"/>
            <object_component_ref idref="oc-eb"/>
            <object_component_ref idref="oc-75"/>
            <object_component_ref idref="oc-c3"/>
            <object_component_ref idref="oc-161"/>
            <object_component_ref idref="oc-13d"/>
            <object_component_ref idref="oc-165"/>
            <object_component_ref idref="oc-179"/>
            <object_component_ref idref="oc-16a"/>
            <object_component_ref idref="oc-16f"/>
            <object_component_ref idref="oc-f1"/>
            <object_component_ref idref="oc-133"/>
            <object_component_ref idref="oc-1af"/>
         </contents>
      </logical_group>
      <logical_group id="lg-19a" display="never" color="cyan">
         <name>.debug_str</name>
         <load_address>0x0</load_address>
         <run_address>0x0</run_address>
         <size>0x29de</size>
         <contents>
            <object_component_ref idref="oc-d4"/>
            <object_component_ref idref="oc-98"/>
            <object_component_ref idref="oc-d9"/>
            <object_component_ref idref="oc-44"/>
            <object_component_ref idref="oc-e0"/>
            <object_component_ref idref="oc-90"/>
            <object_component_ref idref="oc-ac"/>
            <object_component_ref idref="oc-ed"/>
            <object_component_ref idref="oc-167"/>
            <object_component_ref idref="oc-17b"/>
            <object_component_ref idref="oc-16c"/>
            <object_component_ref idref="oc-171"/>
         </contents>
      </logical_group>
      <logical_group id="lg-19c" display="never" color="cyan">
         <name>.debug_aranges</name>
         <load_address>0x0</load_address>
         <run_address>0x0</run_address>
         <size>0x330</size>
         <contents>
            <object_component_ref idref="oc-80"/>
            <object_component_ref idref="oc-33"/>
            <object_component_ref idref="oc-7a"/>
            <object_component_ref idref="oc-2e"/>
            <object_component_ref idref="oc-bb"/>
            <object_component_ref idref="oc-2a"/>
            <object_component_ref idref="oc-52"/>
            <object_component_ref idref="oc-65"/>
            <object_component_ref idref="oc-102"/>
            <object_component_ref idref="oc-b6"/>
            <object_component_ref idref="oc-f4"/>
         </contents>
      </logical_group>
      <logical_group id="lg-19e" display="never" color="cyan">
         <name>.debug_pubnames</name>
         <load_address>0x0</load_address>
         <run_address>0x0</run_address>
         <size>0x6ba</size>
         <contents>
            <object_component_ref idref="oc-81"/>
            <object_component_ref idref="oc-34"/>
            <object_component_ref idref="oc-7d"/>
            <object_component_ref idref="oc-86"/>
            <object_component_ref idref="oc-8a"/>
            <object_component_ref idref="oc-2f"/>
            <object_component_ref idref="oc-bf"/>
            <object_component_ref idref="oc-12"/>
            <object_component_ref idref="oc-29"/>
            <object_component_ref idref="oc-54"/>
            <object_component_ref idref="oc-24"/>
            <object_component_ref idref="oc-66"/>
            <object_component_ref idref="oc-101"/>
            <object_component_ref idref="oc-b7"/>
            <object_component_ref idref="oc-f8"/>
         </contents>
      </logical_group>
      <logical_group id="lg-1a0" display="never" color="cyan">
         <name>.debug_pubtypes</name>
         <load_address>0x0</load_address>
         <run_address>0x0</run_address>
         <size>0xc06</size>
         <contents>
            <object_component_ref idref="oc-d1"/>
            <object_component_ref idref="oc-95"/>
            <object_component_ref idref="oc-d6"/>
            <object_component_ref idref="oc-41"/>
            <object_component_ref idref="oc-dd"/>
            <object_component_ref idref="oc-8d"/>
            <object_component_ref idref="oc-a9"/>
            <object_component_ref idref="oc-ea"/>
            <object_component_ref idref="oc-164"/>
            <object_component_ref idref="oc-178"/>
            <object_component_ref idref="oc-169"/>
            <object_component_ref idref="oc-16e"/>
         </contents>
      </logical_group>
      <load_segment id="lg-1b1" display="no" color="cyan">
         <name>SEGMENT_0</name>
         <load_address>0x0</load_address>
         <run_address>0x0</run_address>
         <size>0x49c</size>
         <flags>0x5</flags>
         <contents>
            <logical_group_ref idref="lg-4"/>
            <logical_group_ref idref="lg-5"/>
            <logical_group_ref idref="lg-6"/>
            <logical_group_ref idref="lg-7"/>
         </contents>
      </load_segment>
      <load_segment id="lg-1b2" display="no" color="cyan">
         <name>SEGMENT_1</name>
         <run_address>0x20000000</run_address>
         <size>0x8</size>
         <flags>0x6</flags>
         <contents>
            <logical_group_ref idref="lg-c"/>
         </contents>
      </load_segment>
      <load_segment id="lg-1b3" display="no" color="cyan">
         <name>SEGMENT_2</name>
         <run_address>0x2000fe00</run_address>
         <size>0x200</size>
         <flags>0x6</flags>
         <contents>
            <logical_group_ref idref="lg-e"/>
         </contents>
      </load_segment>
   </logical_group_list>
   <placement_map>
      <memory_area display="yes" color="green">
         <name>MAIN</name>
         <page_id>0x0</page_id>
         <origin>0x0</origin>
         <length>0x40000</length>
         <used_space>0x49a</used_space>
         <unused_space>0x3fb66</unused_space>
         <attributes>RX</attributes>
         <usage_details>
            <allocated_space>
               <start_address>0x0</start_address>
               <size>0x144</size>
               <logical_group_ref idref="lg-4"/>
            </allocated_space>
            <allocated_space>
               <start_address>0x144</start_address>
               <size>0x322</size>
               <logical_group_ref idref="lg-5"/>
            </allocated_space>
            <allocated_space>
               <start_address>0x466</start_address>
               <size>0x20</size>
               <logical_group_ref idref="lg-6"/>
            </allocated_space>
            <available_space>
               <start_address>0x486</start_address>
               <size>0x2</size>
            </available_space>
            <allocated_space>
               <start_address>0x488</start_address>
               <size>0x14</size>
               <logical_group_ref idref="lg-7"/>
            </allocated_space>
            <available_space>
               <start_address>0x49c</start_address>
               <size>0x3fb64</size>
            </available_space>
         </usage_details>
      </memory_area>
      <memory_area display="yes" color="green">
         <name>INFO</name>
         <page_id>0x0</page_id>
         <origin>0x200000</origin>
         <length>0x4000</length>
         <used_space>0x0</used_space>
         <unused_space>0x4000</unused_space>
         <attributes>RX</attributes>
         <usage_details>
         </usage_details>
      </memory_area>
      <memory_area display="yes" color="green">
         <name>SRAM_CODE</name>
         <page_id>0x0</page_id>
         <origin>0x1000000</origin>
         <length>0x10000</length>
         <used_space>0x0</used_space>
         <unused_space>0x10000</unused_space>
         <attributes>RWX</attributes>
         <usage_details>
         </usage_details>
      </memory_area>
      <memory_area display="yes" color="green">
         <name>SRAM_DATA</name>
         <page_id>0x0</page_id>
         <origin>0x20000000</origin>
         <length>0x10000</length>
         <used_space>0x208</used_space>
         <unused_space>0xfdf8</unused_space>
         <attributes>RW</attributes>
         <usage_details>
            <allocated_space>
               <start_address>0x20000000</start_address>
               <size>0x8</size>
               <logical_group_ref idref="lg-c"/>
            </allocated_space>
            <available_space>
               <start_address>0x20000008</start_address>
               <size>0xfdf8</size>
            </available_space>
            <allocated_space>
               <start_address>0x2000fe00</start_address>
               <size>0x200</size>
               <logical_group_ref idref="lg-e"/>
            </allocated_space>
         </usage_details>
      </memory_area>
   </placement_map>
   <cptbl_list>
      <cptbl>
         <name>__TI_cinit_table</name>
         <cprec>
            <name>.bss</name>
            <load_address>0x488</load_address>
            <load_size>0x8</load_size>
            <run_address>0x20000000</run_address>
            <run_size>0x8</run_size>
            <compression>zero_init</compression>
         </cprec>
      </cptbl>
   </cptbl_list>
   <handler_table>
      <handler_table_name>__TI_handler_table</handler_table_name>
      <handler>
         <index>0x0</index>
         <name>__TI_zero_init</name>
      </handler>
   </handler_table>
   <symbol_table>
      <symbol id="sm-1">
         <name>WDTCTL_SYM</name>
         <value>0x4000480c</value>
      </symbol>
      <symbol id="sm-2">
         <name>__TI_CINIT_Base</name>
         <value>0x494</value>
      </symbol>
      <symbol id="sm-3">
         <name>__TI_CINIT_Limit</name>
         <value>0x49c</value>
      </symbol>
      <symbol id="sm-4">
         <name>__TI_Handler_Table_Base</name>
         <value>0x490</value>
      </symbol>
      <symbol id="sm-5">
         <name>__TI_Handler_Table_Limit</name>
         <value>0x494</value>
      </symbol>
      <symbol id="sm-6">
         <name>binit</name>
         <value>0xffffffff</value>
      </symbol>
      <symbol id="sm-7">
         <name>__binit__</name>
         <value>0xffffffff</value>
      </symbol>
      <symbol id="sm-8">
         <name>__STACK_SIZE</name>
         <value>0x200</value>
      </symbol>
      <symbol id="sm-9">
         <name>__STACK_END</name>
         <value>0x20010000</value>
      </symbol>
      <symbol id="sm-a">
         <name>__c_args__</name>
         <value>0xffffffff</value>
      </symbol>
      <symbol id="sm-b">
         <name>__TI_pprof_out_hndl</name>
         <value>0xffffffff</value>
      </symbol>
      <symbol id="sm-c">
         <name>__TI_prof_data_start</name>
         <value>0xffffffff</value>
      </symbol>
      <symbol id="sm-d">
         <name>__TI_prof_data_size</name>
         <value>0xffffffff</value>
      </symbol>
      <symbol id="sm-53">
         <name>DAC_init</name>
         <value>0x3c9</value>
         <object_component_ref idref="oc-7e"/>
      </symbol>
      <symbol id="sm-54">
         <name>DAC_output</name>
         <value>0x3e1</value>
         <object_component_ref idref="oc-7e"/>
      </symbol>
      <symbol id="sm-6a">
         <name>Piano_init</name>
         <value>0x275</value>
         <object_component_ref idref="oc-31"/>
      </symbol>
      <symbol id="sm-6b">
         <name>Piano_in</name>
         <value>0x2d9</value>
         <object_component_ref idref="oc-31"/>
      </symbol>
      <symbol id="sm-6c">
         <name>PORT5_IRQHandler</name>
         <value>0x28d</value>
         <object_component_ref idref="oc-31"/>
      </symbol>
      <symbol id="sm-7f">
         <name>Sound_play</name>
         <value>0x34f</value>
         <object_component_ref idref="oc-78"/>
      </symbol>
      <symbol id="sm-80">
         <name>Sound_init</name>
         <value>0x305</value>
         <object_component_ref idref="oc-78"/>
      </symbol>
      <symbol id="sm-9e">
         <name>index</name>
         <value>0x20000004</value>
      </symbol>
      <symbol id="sm-9f">
         <name>Counts</name>
         <value>0x20000000</value>
      </symbol>
      <symbol id="sm-a0">
         <name>SysTick_Handler</name>
         <value>0x229</value>
         <object_component_ref idref="oc-2b"/>
      </symbol>
      <symbol id="sm-a1">
         <name>wave</name>
         <value>0x466</value>
         <object_component_ref idref="oc-88"/>
      </symbol>
      <symbol id="sm-a2">
         <name>SysTick_Init</name>
         <value>0x1e1</value>
         <object_component_ref idref="oc-2b"/>
      </symbol>
      <symbol id="sm-ad">
         <name>main</name>
         <value>0x44f</value>
         <object_component_ref idref="oc-ba"/>
      </symbol>
      <symbol id="sm-12d">
         <name>T32_INT2_IRQHandler</name>
         <value>0x19d</value>
         <object_component_ref idref="oc-25"/>
      </symbol>
      <symbol id="sm-12e">
         <name>PendSV_Handler</name>
         <value>0x165</value>
         <object_component_ref idref="oc-25"/>
      </symbol>
      <symbol id="sm-12f">
         <name>EUSCIA3_IRQHandler</name>
         <value>0x18f</value>
         <object_component_ref idref="oc-25"/>
      </symbol>
      <symbol id="sm-130">
         <name>SVC_Handler</name>
         <value>0x161</value>
         <object_component_ref idref="oc-25"/>
      </symbol>
      <symbol id="sm-131">
         <name>EUSCIB1_IRQHandler</name>
         <value>0x193</value>
         <object_component_ref idref="oc-25"/>
      </symbol>
      <symbol id="sm-132">
         <name>PORT4_IRQHandler</name>
         <value>0x1b5</value>
         <object_component_ref idref="oc-25"/>
      </symbol>
      <symbol id="sm-133">
         <name>AES256_IRQHandler</name>
         <value>0x1a1</value>
         <object_component_ref idref="oc-25"/>
      </symbol>
      <symbol id="sm-134">
         <name>FPU_IRQHandler</name>
         <value>0x171</value>
         <object_component_ref idref="oc-25"/>
      </symbol>
      <symbol id="sm-135">
         <name>EUSCIB2_IRQHandler</name>
         <value>0x195</value>
         <object_component_ref idref="oc-25"/>
      </symbol>
      <symbol id="sm-136">
         <name>PORT1_IRQHandler</name>
         <value>0x1af</value>
         <object_component_ref idref="oc-25"/>
      </symbol>
      <symbol id="sm-137">
         <name>RTC_C_IRQHandler</name>
         <value>0x1a3</value>
         <object_component_ref idref="oc-25"/>
      </symbol>
      <symbol id="sm-138">
         <name>TA2_0_IRQHandler</name>
         <value>0x181</value>
         <object_component_ref idref="oc-25"/>
      </symbol>
      <symbol id="sm-139">
         <name>TA3_N_IRQHandler</name>
         <value>0x187</value>
         <object_component_ref idref="oc-25"/>
      </symbol>
      <symbol id="sm-13a">
         <name>DMA_INT3_IRQHandler</name>
         <value>0x1a7</value>
         <object_component_ref idref="oc-25"/>
      </symbol>
      <symbol id="sm-13b">
         <name>PORT2_IRQHandler</name>
         <value>0x1b1</value>
         <object_component_ref idref="oc-25"/>
      </symbol>
      <symbol id="sm-13c">
         <name>StartCritical</name>
         <value>0x1c7</value>
         <object_component_ref idref="oc-25"/>
      </symbol>
      <symbol id="sm-13d">
         <name>TA0_0_IRQHandler</name>
         <value>0x179</value>
         <object_component_ref idref="oc-25"/>
      </symbol>
      <symbol id="sm-13e">
         <name>PSS_IRQHandler</name>
         <value>0x169</value>
         <object_component_ref idref="oc-25"/>
      </symbol>
      <symbol id="sm-13f">
         <name>TA1_N_IRQHandler</name>
         <value>0x17f</value>
         <object_component_ref idref="oc-25"/>
      </symbol>
      <symbol id="sm-140">
         <name>EUSCIA1_IRQHandler</name>
         <value>0x18b</value>
         <object_component_ref idref="oc-25"/>
      </symbol>
      <symbol id="sm-141">
         <name>EUSCIA2_IRQHandler</name>
         <value>0x18d</value>
         <object_component_ref idref="oc-25"/>
      </symbol>
      <symbol id="sm-142">
         <name>COMP_E0_IRQHandler</name>
         <value>0x175</value>
         <object_component_ref idref="oc-25"/>
      </symbol>
      <symbol id="sm-143">
         <name>WDT_A_IRQHandler</name>
         <value>0x16f</value>
         <object_component_ref idref="oc-25"/>
      </symbol>
      <symbol id="sm-144">
         <name>EUSCIB0_IRQHandler</name>
         <value>0x191</value>
         <object_component_ref idref="oc-25"/>
      </symbol>
      <symbol id="sm-145">
         <name>FLCTL_IRQHandler</name>
         <value>0x173</value>
         <object_component_ref idref="oc-25"/>
      </symbol>
      <symbol id="sm-146">
         <name>EndCritical</name>
         <value>0x1d1</value>
         <object_component_ref idref="oc-25"/>
      </symbol>
      <symbol id="sm-147">
         <name>DMA_INT1_IRQHandler</name>
         <value>0x1ab</value>
         <object_component_ref idref="oc-25"/>
      </symbol>
      <symbol id="sm-148">
         <name>PCM_IRQHandler</name>
         <value>0x16d</value>
         <object_component_ref idref="oc-25"/>
      </symbol>
      <symbol id="sm-149">
         <name>ADC14_IRQHandler</name>
         <value>0x199</value>
         <object_component_ref idref="oc-25"/>
      </symbol>
      <symbol id="sm-14a">
         <name>T32_INTC_IRQHandler</name>
         <value>0x19f</value>
         <object_component_ref idref="oc-25"/>
      </symbol>
      <symbol id="sm-14b">
         <name>DMA_INT2_IRQHandler</name>
         <value>0x1a9</value>
         <object_component_ref idref="oc-25"/>
      </symbol>
      <symbol id="sm-14c">
         <name>TA3_0_IRQHandler</name>
         <value>0x185</value>
         <object_component_ref idref="oc-25"/>
      </symbol>
      <symbol id="sm-14d">
         <name>EUSCIA0_IRQHandler</name>
         <value>0x189</value>
         <object_component_ref idref="oc-25"/>
      </symbol>
      <symbol id="sm-14e">
         <name>DMA_ERR_IRQHandler</name>
         <value>0x1a5</value>
         <object_component_ref idref="oc-25"/>
      </symbol>
      <symbol id="sm-14f">
         <name>DisableInterrupts</name>
         <value>0x1bb</value>
         <object_component_ref idref="oc-25"/>
      </symbol>
      <symbol id="sm-150">
         <name>TA1_0_IRQHandler</name>
         <value>0x17d</value>
         <object_component_ref idref="oc-25"/>
      </symbol>
      <symbol id="sm-151">
         <name>TA2_N_IRQHandler</name>
         <value>0x183</value>
         <object_component_ref idref="oc-25"/>
      </symbol>
      <symbol id="sm-152">
         <name>COMP_E1_IRQHandler</name>
         <value>0x177</value>
         <object_component_ref idref="oc-25"/>
      </symbol>
      <symbol id="sm-153">
         <name>EUSCIB3_IRQHandler</name>
         <value>0x197</value>
         <object_component_ref idref="oc-25"/>
      </symbol>
      <symbol id="sm-154">
         <name>WaitForInterrupt</name>
         <value>0x1d9</value>
         <object_component_ref idref="oc-25"/>
      </symbol>
      <symbol id="sm-155">
         <name>interruptVectors</name>
         <value>0x0</value>
         <object_component_ref idref="oc-10"/>
      </symbol>
      <symbol id="sm-156">
         <name>EnableInterrupts</name>
         <value>0x1c1</value>
         <object_component_ref idref="oc-25"/>
      </symbol>
      <symbol id="sm-157">
         <name>PORT6_IRQHandler</name>
         <value>0x1b9</value>
         <object_component_ref idref="oc-25"/>
      </symbol>
      <symbol id="sm-158">
         <name>TA0_N_IRQHandler</name>
         <value>0x17b</value>
         <object_component_ref idref="oc-25"/>
      </symbol>
      <symbol id="sm-159">
         <name>T32_INT1_IRQHandler</name>
         <value>0x19b</value>
         <object_component_ref idref="oc-25"/>
      </symbol>
      <symbol id="sm-15a">
         <name>DebugMon_Handler</name>
         <value>0x163</value>
         <object_component_ref idref="oc-25"/>
      </symbol>
      <symbol id="sm-15b">
         <name>DMA_INT0_IRQHandler</name>
         <value>0x1ad</value>
         <object_component_ref idref="oc-25"/>
      </symbol>
      <symbol id="sm-15c">
         <name>PORT3_IRQHandler</name>
         <value>0x1b3</value>
         <object_component_ref idref="oc-25"/>
      </symbol>
      <symbol id="sm-15d">
         <name>CS_IRQHandler</name>
         <value>0x16b</value>
         <object_component_ref idref="oc-25"/>
      </symbol>
      <symbol id="sm-176">
         <name>__TI_zero_init_nomemset</name>
         <value>0x43d</value>
         <object_component_ref idref="oc-51"/>
      </symbol>
      <symbol id="sm-18b">
         <name>__stack</name>
         <value>0x2000fe00</value>
         <object_component_ref idref="oc-22"/>
      </symbol>
      <symbol id="sm-18c">
         <name>_c_int00_noargs</name>
         <value>0x409</value>
         <object_component_ref idref="oc-63"/>
      </symbol>
      <symbol id="sm-1b6">
         <name>__TI_auto_init_nobinit_nopinit</name>
         <value>0x385</value>
         <object_component_ref idref="oc-ff"/>
      </symbol>
      <symbol id="sm-1c0">
         <name>_system_pre_init</name>
         <value>0x45f</value>
         <object_component_ref idref="oc-b4"/>
      </symbol>
      <symbol id="sm-1cc">
         <name>C$$EXIT</name>
         <value>0x463</value>
         <object_component_ref idref="oc-f3"/>
      </symbol>
      <symbol id="sm-1cd">
         <name>abort</name>
         <value>0x463</value>
         <object_component_ref idref="oc-f3"/>
      </symbol>
      <symbol id="sm-1d0">
         <name>__TI_static_base__</name>
         <value>0x0</value>
      </symbol>
      <symbol id="sm-1d2">
         <name>__mpu_init</name>
         <value>0x0</value>
      </symbol>
      <symbol id="sm-1d3">
         <name>_system_post_cinit</name>
         <value>0x0</value>
      </symbol>
   </symbol_table>
   <title>Link successful</title>
</link_info>
