<?xml version="1.0"?>
<link_info>
   <banner>TI ARM Linker PC v5.2.7</banner>
   <copyright>Copyright (c) 1996-2015 Texas Instruments Incorporated</copyright>
   <link_time>0x57a2581f</link_time>
   <link_errors>0x0</link_errors>
   <output_file>EGCP_450_Lab_5_Part_1.out</output_file>
   <entry_point>
      <name>_c_int00</name>
      <address>0x3cd</address>
   </entry_point>
   <input_file_list>
      <input_file id="fl-2">
         <path>.\</path>
         <kind>object</kind>
         <file>SysTick.obj</file>
         <name>SysTick.obj</name>
      </input_file>
      <input_file id="fl-3">
         <path>.\</path>
         <kind>object</kind>
         <file>main.obj</file>
         <name>main.obj</name>
      </input_file>
      <input_file id="fl-4">
         <path>.\</path>
         <kind>object</kind>
         <file>msp432_startup_ccs.obj</file>
         <name>msp432_startup_ccs.obj</name>
      </input_file>
      <input_file id="fl-12a">
         <path>C:\ti\ccsv6\tools\compiler\ti-cgt-arm_5.2.7\lib\</path>
         <kind>archive</kind>
         <file>rtsv7M4_T_le_v4SPD16_eabi.lib</file>
         <name>boot.obj</name>
      </input_file>
      <input_file id="fl-12b">
         <path>C:\ti\ccsv6\tools\compiler\ti-cgt-arm_5.2.7\lib\</path>
         <kind>archive</kind>
         <file>rtsv7M4_T_le_v4SPD16_eabi.lib</file>
         <name>copy_decompress_none.obj</name>
      </input_file>
      <input_file id="fl-12c">
         <path>C:\ti\ccsv6\tools\compiler\ti-cgt-arm_5.2.7\lib\</path>
         <kind>archive</kind>
         <file>rtsv7M4_T_le_v4SPD16_eabi.lib</file>
         <name>copy_decompress_rle.obj</name>
      </input_file>
      <input_file id="fl-12d">
         <path>C:\ti\ccsv6\tools\compiler\ti-cgt-arm_5.2.7\lib\</path>
         <kind>archive</kind>
         <file>rtsv7M4_T_le_v4SPD16_eabi.lib</file>
         <name>copy_zero_init.obj</name>
      </input_file>
      <input_file id="fl-12e">
         <path>C:\ti\ccsv6\tools\compiler\ti-cgt-arm_5.2.7\lib\</path>
         <kind>archive</kind>
         <file>rtsv7M4_T_le_v4SPD16_eabi.lib</file>
         <name>exit.obj</name>
      </input_file>
      <input_file id="fl-12f">
         <path>C:\ti\ccsv6\tools\compiler\ti-cgt-arm_5.2.7\lib\</path>
         <kind>archive</kind>
         <file>rtsv7M4_T_le_v4SPD16_eabi.lib</file>
         <name>memcpy_t2.obj</name>
      </input_file>
      <input_file id="fl-130">
         <path>C:\ti\ccsv6\tools\compiler\ti-cgt-arm_5.2.7\lib\</path>
         <kind>archive</kind>
         <file>rtsv7M4_T_le_v4SPD16_eabi.lib</file>
         <name>memset_t2.obj</name>
      </input_file>
      <input_file id="fl-131">
         <path>C:\ti\ccsv6\tools\compiler\ti-cgt-arm_5.2.7\lib\</path>
         <kind>archive</kind>
         <file>rtsv7M4_T_le_v4SPD16_eabi.lib</file>
         <name>pre_init.obj</name>
      </input_file>
      <input_file id="fl-132">
         <path>C:\ti\ccsv6\tools\compiler\ti-cgt-arm_5.2.7\lib\</path>
         <kind>archive</kind>
         <file>rtsv7M4_T_le_v4SPD16_eabi.lib</file>
         <name>stkdepth_vars.obj</name>
      </input_file>
      <input_file id="fl-133">
         <path>C:\ti\ccsv6\tools\compiler\ti-cgt-arm_5.2.7\lib\</path>
         <kind>archive</kind>
         <file>rtsv7M4_T_le_v4SPD16_eabi.lib</file>
         <name>_lock.obj</name>
      </input_file>
      <input_file id="fl-134">
         <path>C:\ti\ccsv6\tools\compiler\ti-cgt-arm_5.2.7\lib\</path>
         <kind>archive</kind>
         <file>rtsv7M4_T_le_v4SPD16_eabi.lib</file>
         <name>args_main.obj</name>
      </input_file>
      <input_file id="fl-135">
         <path>C:\ti\ccsv6\tools\compiler\ti-cgt-arm_5.2.7\lib\</path>
         <kind>archive</kind>
         <file>rtsv7M4_T_le_v4SPD16_eabi.lib</file>
         <name>autoinit.obj</name>
      </input_file>
      <input_file id="fl-136">
         <path>C:\ti\ccsv6\tools\compiler\ti-cgt-arm_5.2.7\lib\</path>
         <kind>archive</kind>
         <file>rtsv7M4_T_le_v4SPD16_eabi.lib</file>
         <name>cpy_tbl.obj</name>
      </input_file>
   </input_file_list>
   <object_component_list>
      <object_component id="oc-10">
         <name>.intvecs</name>
         <load_address>0x0</load_address>
         <run_address>0x0</run_address>
         <size>0x144</size>
         <input_file_ref idref="fl-4"/>
      </object_component>
      <object_component id="oc-34">
         <name>.text</name>
         <load_address>0x144</load_address>
         <run_address>0x144</run_address>
         <size>0x9c</size>
         <input_file_ref idref="fl-12f"/>
      </object_component>
      <object_component id="oc-2b">
         <name>.text</name>
         <load_address>0x1e0</load_address>
         <run_address>0x1e0</run_address>
         <size>0x9a</size>
         <input_file_ref idref="fl-4"/>
      </object_component>
      <object_component id="oc-4d">
         <name>.text</name>
         <load_address>0x27a</load_address>
         <run_address>0x27a</run_address>
         <size>0x7a</size>
         <input_file_ref idref="fl-130"/>
      </object_component>
      <object_component id="oc-5f">
         <name>.text</name>
         <load_address>0x2f4</load_address>
         <run_address>0x2f4</run_address>
         <size>0x6c</size>
         <input_file_ref idref="fl-135"/>
      </object_component>
      <object_component id="oc-40">
         <name>.text</name>
         <load_address>0x360</load_address>
         <run_address>0x360</run_address>
         <size>0x6a</size>
         <input_file_ref idref="fl-12c"/>
      </object_component>
      <object_component id="oc-99">
         <name>.text</name>
         <load_address>0x3ca</load_address>
         <run_address>0x3ca</run_address>
         <size>0x2</size>
         <input_file_ref idref="fl-3"/>
      </object_component>
      <object_component id="oc-25">
         <name>.text</name>
         <load_address>0x3cc</load_address>
         <run_address>0x3cc</run_address>
         <size>0x50</size>
         <input_file_ref idref="fl-12a"/>
      </object_component>
      <object_component id="oc-91">
         <name>.text</name>
         <load_address>0x41c</load_address>
         <run_address>0x41c</run_address>
         <size>0x4c</size>
         <input_file_ref idref="fl-136"/>
      </object_component>
      <object_component id="oc-6b">
         <name>.text</name>
         <load_address>0x468</load_address>
         <run_address>0x468</run_address>
         <size>0x44</size>
         <input_file_ref idref="fl-12e"/>
      </object_component>
      <object_component id="oc-65">
         <name>.text</name>
         <load_address>0x4ac</load_address>
         <run_address>0x4ac</run_address>
         <size>0x18</size>
         <input_file_ref idref="fl-134"/>
      </object_component>
      <object_component id="oc-c2">
         <name>.text</name>
         <load_address>0x4c4</load_address>
         <run_address>0x4c4</run_address>
         <size>0x14</size>
         <input_file_ref idref="fl-133"/>
      </object_component>
      <object_component id="oc-13">
         <name>.text:decompress:none</name>
         <load_address>0x4d8</load_address>
         <run_address>0x4d8</run_address>
         <size>0xe</size>
         <input_file_ref idref="fl-12b"/>
      </object_component>
      <object_component id="oc-19">
         <name>.text:decompress:rle24</name>
         <load_address>0x4e6</load_address>
         <run_address>0x4e6</run_address>
         <size>0x6</size>
         <input_file_ref idref="fl-12c"/>
      </object_component>
      <object_component id="oc-59">
         <name>.text</name>
         <load_address>0x4ec</load_address>
         <run_address>0x4ec</run_address>
         <size>0x4</size>
         <input_file_ref idref="fl-131"/>
      </object_component>
      <object_component id="oc-fd">
         <name>.cinit..data.load</name>
         <load_address>0x4f0</load_address>
         <run_address>0x4f0</run_address>
         <size>0xf</size>
      </object_component>
      <object_component id="oc-fb">
         <name>__TI_handler_table</name>
         <load_address>0x500</load_address>
         <run_address>0x500</run_address>
         <size>0x8</size>
      </object_component>
      <object_component id="oc-fc">
         <name>__TI_cinit_table</name>
         <load_address>0x508</load_address>
         <run_address>0x508</run_address>
         <size>0x8</size>
      </object_component>
      <object_component id="oc-2a">
         <name>.stack</name>
         <uninitialized>true</uninitialized>
         <run_address>0x2000fe00</run_address>
         <size>0x0</size>
         <input_file_ref idref="fl-12a"/>
      </object_component>
      <object_component id="oc-fe">
         <name>.stack</name>
         <uninitialized>true</uninitialized>
         <run_address>0x2000fe00</run_address>
         <size>0x0</size>
      </object_component>
      <object_component id="oc-a4">
         <name>.data</name>
         <load_address>0x20000008</load_address>
         <run_address>0x20000008</run_address>
         <size>0x8</size>
         <input_file_ref idref="fl-12e"/>
      </object_component>
      <object_component id="oc-71">
         <name>.data</name>
         <load_address>0x20000010</load_address>
         <run_address>0x20000010</run_address>
         <size>0x4</size>
         <input_file_ref idref="fl-132"/>
      </object_component>
      <object_component id="oc-a1">
         <name>.data</name>
         <load_address>0x20000000</load_address>
         <run_address>0x20000000</run_address>
         <size>0x8</size>
         <input_file_ref idref="fl-133"/>
      </object_component>
      <object_component id="oc-78">
         <name>.debug_info</name>
         <load_address>0x0</load_address>
         <run_address>0x0</run_address>
         <size>0x84</size>
         <input_file_ref idref="fl-2"/>
      </object_component>
      <object_component id="oc-9a">
         <name>.debug_info</name>
         <load_address>0x84</load_address>
         <run_address>0x84</run_address>
         <size>0xf5</size>
         <input_file_ref idref="fl-3"/>
      </object_component>
      <object_component id="oc-33">
         <name>.debug_info</name>
         <load_address>0x179</load_address>
         <run_address>0x179</run_address>
         <size>0x109</size>
         <input_file_ref idref="fl-4"/>
      </object_component>
      <object_component id="oc-11">
         <name>.debug_info</name>
         <load_address>0x282</load_address>
         <run_address>0x282</run_address>
         <size>0xf6</size>
         <input_file_ref idref="fl-4"/>
      </object_component>
      <object_component id="oc-2c">
         <name>.debug_info</name>
         <load_address>0x378</load_address>
         <run_address>0x378</run_address>
         <size>0x16a2</size>
         <input_file_ref idref="fl-4"/>
      </object_component>
      <object_component id="oc-27">
         <name>.debug_info</name>
         <load_address>0x1a1a</load_address>
         <run_address>0x1a1a</run_address>
         <size>0x169</size>
         <input_file_ref idref="fl-12a"/>
      </object_component>
      <object_component id="oc-3f">
         <name>.debug_info</name>
         <load_address>0x1b83</load_address>
         <run_address>0x1b83</run_address>
         <size>0x156</size>
         <input_file_ref idref="fl-12b"/>
      </object_component>
      <object_component id="oc-17">
         <name>.debug_info</name>
         <load_address>0x1cd9</load_address>
         <run_address>0x1cd9</run_address>
         <size>0x1f5</size>
         <input_file_ref idref="fl-12b"/>
      </object_component>
      <object_component id="oc-3a">
         <name>.debug_info</name>
         <load_address>0x1ece</load_address>
         <run_address>0x1ece</run_address>
         <size>0x46</size>
         <input_file_ref idref="fl-12b"/>
      </object_component>
      <object_component id="oc-7e">
         <name>.debug_info</name>
         <load_address>0x1f14</load_address>
         <run_address>0x1f14</run_address>
         <size>0x2c</size>
         <input_file_ref idref="fl-12b"/>
      </object_component>
      <object_component id="oc-47">
         <name>.debug_info</name>
         <load_address>0x1f40</load_address>
         <run_address>0x1f40</run_address>
         <size>0x14a</size>
         <input_file_ref idref="fl-12c"/>
      </object_component>
      <object_component id="oc-41">
         <name>.debug_info</name>
         <load_address>0x208a</load_address>
         <run_address>0x208a</run_address>
         <size>0x25d</size>
         <input_file_ref idref="fl-12c"/>
      </object_component>
      <object_component id="oc-1a">
         <name>.debug_info</name>
         <load_address>0x22e7</load_address>
         <run_address>0x22e7</run_address>
         <size>0x1c7</size>
         <input_file_ref idref="fl-12c"/>
      </object_component>
      <object_component id="oc-48">
         <name>.debug_info</name>
         <load_address>0x24ae</load_address>
         <run_address>0x24ae</run_address>
         <size>0x39</size>
         <input_file_ref idref="fl-12c"/>
      </object_component>
      <object_component id="oc-88">
         <name>.debug_info</name>
         <load_address>0x24e7</load_address>
         <run_address>0x24e7</run_address>
         <size>0x2c</size>
         <input_file_ref idref="fl-12c"/>
      </object_component>
      <object_component id="oc-a8">
         <name>.debug_info</name>
         <load_address>0x2513</load_address>
         <run_address>0x2513</run_address>
         <size>0x1a7</size>
         <input_file_ref idref="fl-12e"/>
      </object_component>
      <object_component id="oc-a5">
         <name>.debug_info</name>
         <load_address>0x26ba</load_address>
         <run_address>0x26ba</run_address>
         <size>0x14c</size>
         <input_file_ref idref="fl-12e"/>
      </object_component>
      <object_component id="oc-6c">
         <name>.debug_info</name>
         <load_address>0x2806</load_address>
         <run_address>0x2806</run_address>
         <size>0x223</size>
         <input_file_ref idref="fl-12e"/>
      </object_component>
      <object_component id="oc-36">
         <name>.debug_info</name>
         <load_address>0x2a29</load_address>
         <run_address>0x2a29</run_address>
         <size>0x12b</size>
         <input_file_ref idref="fl-12f"/>
      </object_component>
      <object_component id="oc-4f">
         <name>.debug_info</name>
         <load_address>0x2b54</load_address>
         <run_address>0x2b54</run_address>
         <size>0x159</size>
         <input_file_ref idref="fl-130"/>
      </object_component>
      <object_component id="oc-5a">
         <name>.debug_info</name>
         <load_address>0x2cad</load_address>
         <run_address>0x2cad</run_address>
         <size>0x15e</size>
         <input_file_ref idref="fl-131"/>
      </object_component>
      <object_component id="oc-72">
         <name>.debug_info</name>
         <load_address>0x2e0b</load_address>
         <run_address>0x2e0b</run_address>
         <size>0x11f</size>
         <input_file_ref idref="fl-132"/>
      </object_component>
      <object_component id="oc-ca">
         <name>.debug_info</name>
         <load_address>0x2f2a</load_address>
         <run_address>0x2f2a</run_address>
         <size>0x13a</size>
         <input_file_ref idref="fl-133"/>
      </object_component>
      <object_component id="oc-a2">
         <name>.debug_info</name>
         <load_address>0x3064</load_address>
         <run_address>0x3064</run_address>
         <size>0x129</size>
         <input_file_ref idref="fl-133"/>
      </object_component>
      <object_component id="oc-c3">
         <name>.debug_info</name>
         <load_address>0x318d</load_address>
         <run_address>0x318d</run_address>
         <size>0x235</size>
         <input_file_ref idref="fl-133"/>
      </object_component>
      <object_component id="oc-a0">
         <name>.debug_info</name>
         <load_address>0x33c2</load_address>
         <run_address>0x33c2</run_address>
         <size>0x17c</size>
         <input_file_ref idref="fl-134"/>
      </object_component>
      <object_component id="oc-66">
         <name>.debug_info</name>
         <load_address>0x353e</load_address>
         <run_address>0x353e</run_address>
         <size>0x17d</size>
         <input_file_ref idref="fl-134"/>
      </object_component>
      <object_component id="oc-bd">
         <name>.debug_info</name>
         <load_address>0x36bb</load_address>
         <run_address>0x36bb</run_address>
         <size>0x5e</size>
         <input_file_ref idref="fl-134"/>
      </object_component>
      <object_component id="oc-98">
         <name>.debug_info</name>
         <load_address>0x3719</load_address>
         <run_address>0x3719</run_address>
         <size>0x2d3</size>
         <input_file_ref idref="fl-135"/>
      </object_component>
      <object_component id="oc-61">
         <name>.debug_info</name>
         <load_address>0x39ec</load_address>
         <run_address>0x39ec</run_address>
         <size>0x18d</size>
         <input_file_ref idref="fl-135"/>
      </object_component>
      <object_component id="oc-b0">
         <name>.debug_info</name>
         <load_address>0x3b79</load_address>
         <run_address>0x3b79</run_address>
         <size>0x39</size>
         <input_file_ref idref="fl-135"/>
      </object_component>
      <object_component id="oc-b5">
         <name>.debug_info</name>
         <load_address>0x3bb2</load_address>
         <run_address>0x3bb2</run_address>
         <size>0xcd</size>
         <input_file_ref idref="fl-135"/>
      </object_component>
      <object_component id="oc-ad">
         <name>.debug_info</name>
         <load_address>0x3c7f</load_address>
         <run_address>0x3c7f</run_address>
         <size>0x1f6</size>
         <input_file_ref idref="fl-136"/>
      </object_component>
      <object_component id="oc-92">
         <name>.debug_info</name>
         <load_address>0x3e75</load_address>
         <run_address>0x3e75</run_address>
         <size>0x199</size>
         <input_file_ref idref="fl-136"/>
      </object_component>
      <object_component id="oc-d2">
         <name>.debug_info</name>
         <load_address>0x400e</load_address>
         <run_address>0x400e</run_address>
         <size>0x2c</size>
         <input_file_ref idref="fl-136"/>
      </object_component>
      <object_component id="oc-ff">
         <name>.debug_info</name>
         <load_address>0x403a</load_address>
         <run_address>0x403a</run_address>
         <size>0xa9</size>
      </object_component>
      <object_component id="oc-7b">
         <name>.debug_line</name>
         <load_address>0x0</load_address>
         <run_address>0x0</run_address>
         <size>0x20</size>
         <input_file_ref idref="fl-2"/>
      </object_component>
      <object_component id="oc-9d">
         <name>.debug_line</name>
         <load_address>0x20</load_address>
         <run_address>0x20</run_address>
         <size>0x3f</size>
         <input_file_ref idref="fl-3"/>
      </object_component>
      <object_component id="oc-77">
         <name>.debug_line</name>
         <load_address>0x5f</load_address>
         <run_address>0x5f</run_address>
         <size>0x3b</size>
         <input_file_ref idref="fl-4"/>
      </object_component>
      <object_component id="oc-32">
         <name>.debug_line</name>
         <load_address>0x9a</load_address>
         <run_address>0x9a</run_address>
         <size>0x3b</size>
         <input_file_ref idref="fl-4"/>
      </object_component>
      <object_component id="oc-2f">
         <name>.debug_line</name>
         <load_address>0xd5</load_address>
         <run_address>0xd5</run_address>
         <size>0x55a</size>
         <input_file_ref idref="fl-4"/>
      </object_component>
      <object_component id="oc-26">
         <name>.debug_line</name>
         <load_address>0x62f</load_address>
         <run_address>0x62f</run_address>
         <size>0x52</size>
         <input_file_ref idref="fl-12a"/>
      </object_component>
      <object_component id="oc-84">
         <name>.debug_line</name>
         <load_address>0x681</load_address>
         <run_address>0x681</run_address>
         <size>0xa5</size>
         <input_file_ref idref="fl-12b"/>
      </object_component>
      <object_component id="oc-15">
         <name>.debug_line</name>
         <load_address>0x726</load_address>
         <run_address>0x726</run_address>
         <size>0x55</size>
         <input_file_ref idref="fl-12b"/>
      </object_component>
      <object_component id="oc-3d">
         <name>.debug_line</name>
         <load_address>0x77b</load_address>
         <run_address>0x77b</run_address>
         <size>0x3a</size>
         <input_file_ref idref="fl-12b"/>
      </object_component>
      <object_component id="oc-81">
         <name>.debug_line</name>
         <load_address>0x7b5</load_address>
         <run_address>0x7b5</run_address>
         <size>0xa5</size>
         <input_file_ref idref="fl-12b"/>
      </object_component>
      <object_component id="oc-87">
         <name>.debug_line</name>
         <load_address>0x85a</load_address>
         <run_address>0x85a</run_address>
         <size>0xa5</size>
         <input_file_ref idref="fl-12c"/>
      </object_component>
      <object_component id="oc-44">
         <name>.debug_line</name>
         <load_address>0x8ff</load_address>
         <run_address>0x8ff</run_address>
         <size>0x98</size>
         <input_file_ref idref="fl-12c"/>
      </object_component>
      <object_component id="oc-1d">
         <name>.debug_line</name>
         <load_address>0x997</load_address>
         <run_address>0x997</run_address>
         <size>0x4b</size>
         <input_file_ref idref="fl-12c"/>
      </object_component>
      <object_component id="oc-4b">
         <name>.debug_line</name>
         <load_address>0x9e2</load_address>
         <run_address>0x9e2</run_address>
         <size>0x39</size>
         <input_file_ref idref="fl-12c"/>
      </object_component>
      <object_component id="oc-8b">
         <name>.debug_line</name>
         <load_address>0xa1b</load_address>
         <run_address>0xa1b</run_address>
         <size>0xa5</size>
         <input_file_ref idref="fl-12c"/>
      </object_component>
      <object_component id="oc-cf">
         <name>.debug_line</name>
         <load_address>0xac0</load_address>
         <run_address>0xac0</run_address>
         <size>0xa4</size>
         <input_file_ref idref="fl-12e"/>
      </object_component>
      <object_component id="oc-cd">
         <name>.debug_line</name>
         <load_address>0xb64</load_address>
         <run_address>0xb64</run_address>
         <size>0x2a</size>
         <input_file_ref idref="fl-12e"/>
      </object_component>
      <object_component id="oc-70">
         <name>.debug_line</name>
         <load_address>0xb8e</load_address>
         <run_address>0xb8e</run_address>
         <size>0x7a</size>
         <input_file_ref idref="fl-12e"/>
      </object_component>
      <object_component id="oc-35">
         <name>.debug_line</name>
         <load_address>0xc08</load_address>
         <run_address>0xc08</run_address>
         <size>0x88</size>
         <input_file_ref idref="fl-12f"/>
      </object_component>
      <object_component id="oc-51">
         <name>.debug_line</name>
         <load_address>0xc90</load_address>
         <run_address>0xc90</run_address>
         <size>0x79</size>
         <input_file_ref idref="fl-130"/>
      </object_component>
      <object_component id="oc-5d">
         <name>.debug_line</name>
         <load_address>0xd09</load_address>
         <run_address>0xd09</run_address>
         <size>0x40</size>
         <input_file_ref idref="fl-131"/>
      </object_component>
      <object_component id="oc-ab">
         <name>.debug_line</name>
         <load_address>0xd49</load_address>
         <run_address>0xd49</run_address>
         <size>0x33</size>
         <input_file_ref idref="fl-132"/>
      </object_component>
      <object_component id="oc-d9">
         <name>.debug_line</name>
         <load_address>0xd7c</load_address>
         <run_address>0xd7c</run_address>
         <size>0x20</size>
         <input_file_ref idref="fl-133"/>
      </object_component>
      <object_component id="oc-c9">
         <name>.debug_line</name>
         <load_address>0xd9c</load_address>
         <run_address>0xd9c</run_address>
         <size>0x2b</size>
         <input_file_ref idref="fl-133"/>
      </object_component>
      <object_component id="oc-c6">
         <name>.debug_line</name>
         <load_address>0xdc7</load_address>
         <run_address>0xdc7</run_address>
         <size>0x68</size>
         <input_file_ref idref="fl-133"/>
      </object_component>
      <object_component id="oc-bc">
         <name>.debug_line</name>
         <load_address>0xe2f</load_address>
         <run_address>0xe2f</run_address>
         <size>0x2b</size>
         <input_file_ref idref="fl-134"/>
      </object_component>
      <object_component id="oc-69">
         <name>.debug_line</name>
         <load_address>0xe5a</load_address>
         <run_address>0xe5a</run_address>
         <size>0x50</size>
         <input_file_ref idref="fl-134"/>
      </object_component>
      <object_component id="oc-c0">
         <name>.debug_line</name>
         <load_address>0xeaa</load_address>
         <run_address>0xeaa</run_address>
         <size>0x2b</size>
         <input_file_ref idref="fl-134"/>
      </object_component>
      <object_component id="oc-af">
         <name>.debug_line</name>
         <load_address>0xed5</load_address>
         <run_address>0xed5</run_address>
         <size>0xb4</size>
         <input_file_ref idref="fl-135"/>
      </object_component>
      <object_component id="oc-60">
         <name>.debug_line</name>
         <load_address>0xf89</load_address>
         <run_address>0xf89</run_address>
         <size>0x79</size>
         <input_file_ref idref="fl-135"/>
      </object_component>
      <object_component id="oc-b3">
         <name>.debug_line</name>
         <load_address>0x1002</load_address>
         <run_address>0x1002</run_address>
         <size>0x2e</size>
         <input_file_ref idref="fl-135"/>
      </object_component>
      <object_component id="oc-b8">
         <name>.debug_line</name>
         <load_address>0x1030</load_address>
         <run_address>0x1030</run_address>
         <size>0xa6</size>
         <input_file_ref idref="fl-135"/>
      </object_component>
      <object_component id="oc-d1">
         <name>.debug_line</name>
         <load_address>0x10d6</load_address>
         <run_address>0x10d6</run_address>
         <size>0xb3</size>
         <input_file_ref idref="fl-136"/>
      </object_component>
      <object_component id="oc-95">
         <name>.debug_line</name>
         <load_address>0x1189</load_address>
         <run_address>0x1189</run_address>
         <size>0x68</size>
         <input_file_ref idref="fl-136"/>
      </object_component>
      <object_component id="oc-d5">
         <name>.debug_line</name>
         <load_address>0x11f1</load_address>
         <run_address>0x11f1</run_address>
         <size>0x2e</size>
         <input_file_ref idref="fl-136"/>
      </object_component>
      <object_component id="oc-7a">
         <name>.debug_abbrev</name>
         <load_address>0x0</load_address>
         <run_address>0x0</run_address>
         <size>0x1f</size>
         <input_file_ref idref="fl-2"/>
      </object_component>
      <object_component id="oc-ba">
         <name>.debug_abbrev</name>
         <load_address>0x1f</load_address>
         <run_address>0x1f</run_address>
         <size>0x50</size>
         <input_file_ref idref="fl-3"/>
      </object_component>
      <object_component id="oc-76">
         <name>.debug_abbrev</name>
         <load_address>0x6f</load_address>
         <run_address>0x6f</run_address>
         <size>0x5d</size>
         <input_file_ref idref="fl-4"/>
      </object_component>
      <object_component id="oc-31">
         <name>.debug_abbrev</name>
         <load_address>0xcc</load_address>
         <run_address>0xcc</run_address>
         <size>0x29</size>
         <input_file_ref idref="fl-4"/>
      </object_component>
      <object_component id="oc-75">
         <name>.debug_abbrev</name>
         <load_address>0xf5</load_address>
         <run_address>0xf5</run_address>
         <size>0xf8</size>
         <input_file_ref idref="fl-4"/>
      </object_component>
      <object_component id="oc-74">
         <name>.debug_abbrev</name>
         <load_address>0x1ed</load_address>
         <run_address>0x1ed</run_address>
         <size>0x3e</size>
         <input_file_ref idref="fl-12a"/>
      </object_component>
      <object_component id="oc-83">
         <name>.debug_abbrev</name>
         <load_address>0x22b</load_address>
         <run_address>0x22b</run_address>
         <size>0x52</size>
         <input_file_ref idref="fl-12b"/>
      </object_component>
      <object_component id="oc-39">
         <name>.debug_abbrev</name>
         <load_address>0x27d</load_address>
         <run_address>0x27d</run_address>
         <size>0x74</size>
         <input_file_ref idref="fl-12b"/>
      </object_component>
      <object_component id="oc-3c">
         <name>.debug_abbrev</name>
         <load_address>0x2f1</load_address>
         <run_address>0x2f1</run_address>
         <size>0x24</size>
         <input_file_ref idref="fl-12b"/>
      </object_component>
      <object_component id="oc-80">
         <name>.debug_abbrev</name>
         <load_address>0x315</load_address>
         <run_address>0x315</run_address>
         <size>0x24</size>
         <input_file_ref idref="fl-12b"/>
      </object_component>
      <object_component id="oc-86">
         <name>.debug_abbrev</name>
         <load_address>0x339</load_address>
         <run_address>0x339</run_address>
         <size>0x52</size>
         <input_file_ref idref="fl-12c"/>
      </object_component>
      <object_component id="oc-85">
         <name>.debug_abbrev</name>
         <load_address>0x38b</load_address>
         <run_address>0x38b</run_address>
         <size>0x7b</size>
         <input_file_ref idref="fl-12c"/>
      </object_component>
      <object_component id="oc-46">
         <name>.debug_abbrev</name>
         <load_address>0x406</load_address>
         <run_address>0x406</run_address>
         <size>0x66</size>
         <input_file_ref idref="fl-12c"/>
      </object_component>
      <object_component id="oc-4a">
         <name>.debug_abbrev</name>
         <load_address>0x46c</load_address>
         <run_address>0x46c</run_address>
         <size>0x24</size>
         <input_file_ref idref="fl-12c"/>
      </object_component>
      <object_component id="oc-8a">
         <name>.debug_abbrev</name>
         <load_address>0x490</load_address>
         <run_address>0x490</run_address>
         <size>0x24</size>
         <input_file_ref idref="fl-12c"/>
      </object_component>
      <object_component id="oc-ce">
         <name>.debug_abbrev</name>
         <load_address>0x4b4</load_address>
         <run_address>0x4b4</run_address>
         <size>0x6b</size>
         <input_file_ref idref="fl-12e"/>
      </object_component>
      <object_component id="oc-cc">
         <name>.debug_abbrev</name>
         <load_address>0x51f</load_address>
         <run_address>0x51f</run_address>
         <size>0x29</size>
         <input_file_ref idref="fl-12e"/>
      </object_component>
      <object_component id="oc-a7">
         <name>.debug_abbrev</name>
         <load_address>0x548</load_address>
         <run_address>0x548</run_address>
         <size>0xba</size>
         <input_file_ref idref="fl-12e"/>
      </object_component>
      <object_component id="oc-7d">
         <name>.debug_abbrev</name>
         <load_address>0x602</load_address>
         <run_address>0x602</run_address>
         <size>0x3e</size>
         <input_file_ref idref="fl-12f"/>
      </object_component>
      <object_component id="oc-8d">
         <name>.debug_abbrev</name>
         <load_address>0x640</load_address>
         <run_address>0x640</run_address>
         <size>0x4f</size>
         <input_file_ref idref="fl-130"/>
      </object_component>
      <object_component id="oc-90">
         <name>.debug_abbrev</name>
         <load_address>0x68f</load_address>
         <run_address>0x68f</run_address>
         <size>0x55</size>
         <input_file_ref idref="fl-131"/>
      </object_component>
      <object_component id="oc-aa">
         <name>.debug_abbrev</name>
         <load_address>0x6e4</load_address>
         <run_address>0x6e4</run_address>
         <size>0x27</size>
         <input_file_ref idref="fl-132"/>
      </object_component>
      <object_component id="oc-d8">
         <name>.debug_abbrev</name>
         <load_address>0x70b</load_address>
         <run_address>0x70b</run_address>
         <size>0x45</size>
         <input_file_ref idref="fl-133"/>
      </object_component>
      <object_component id="oc-c8">
         <name>.debug_abbrev</name>
         <load_address>0x750</load_address>
         <run_address>0x750</run_address>
         <size>0x29</size>
         <input_file_ref idref="fl-133"/>
      </object_component>
      <object_component id="oc-d7">
         <name>.debug_abbrev</name>
         <load_address>0x779</load_address>
         <run_address>0x779</run_address>
         <size>0x6f</size>
         <input_file_ref idref="fl-133"/>
      </object_component>
      <object_component id="oc-bb">
         <name>.debug_abbrev</name>
         <load_address>0x7e8</load_address>
         <run_address>0x7e8</run_address>
         <size>0x8e</size>
         <input_file_ref idref="fl-134"/>
      </object_component>
      <object_component id="oc-9f">
         <name>.debug_abbrev</name>
         <load_address>0x876</load_address>
         <run_address>0x876</run_address>
         <size>0x68</size>
         <input_file_ref idref="fl-134"/>
      </object_component>
      <object_component id="oc-bf">
         <name>.debug_abbrev</name>
         <load_address>0x8de</load_address>
         <run_address>0x8de</run_address>
         <size>0x49</size>
         <input_file_ref idref="fl-134"/>
      </object_component>
      <object_component id="oc-ae">
         <name>.debug_abbrev</name>
         <load_address>0x927</load_address>
         <run_address>0x927</run_address>
         <size>0x9a</size>
         <input_file_ref idref="fl-135"/>
      </object_component>
      <object_component id="oc-97">
         <name>.debug_abbrev</name>
         <load_address>0x9c1</load_address>
         <run_address>0x9c1</run_address>
         <size>0x7e</size>
         <input_file_ref idref="fl-135"/>
      </object_component>
      <object_component id="oc-b2">
         <name>.debug_abbrev</name>
         <load_address>0xa3f</load_address>
         <run_address>0xa3f</run_address>
         <size>0x24</size>
         <input_file_ref idref="fl-135"/>
      </object_component>
      <object_component id="oc-b7">
         <name>.debug_abbrev</name>
         <load_address>0xa63</load_address>
         <run_address>0xa63</run_address>
         <size>0x4b</size>
         <input_file_ref idref="fl-135"/>
      </object_component>
      <object_component id="oc-d0">
         <name>.debug_abbrev</name>
         <load_address>0xaae</load_address>
         <run_address>0xaae</run_address>
         <size>0x9c</size>
         <input_file_ref idref="fl-136"/>
      </object_component>
      <object_component id="oc-ac">
         <name>.debug_abbrev</name>
         <load_address>0xb4a</load_address>
         <run_address>0xb4a</run_address>
         <size>0x8c</size>
         <input_file_ref idref="fl-136"/>
      </object_component>
      <object_component id="oc-d4">
         <name>.debug_abbrev</name>
         <load_address>0xbd6</load_address>
         <run_address>0xbd6</run_address>
         <size>0x24</size>
         <input_file_ref idref="fl-136"/>
      </object_component>
      <object_component id="oc-100">
         <name>.debug_abbrev</name>
         <load_address>0xbfa</load_address>
         <run_address>0xbfa</run_address>
         <size>0xf</size>
      </object_component>
      <object_component id="oc-7c">
         <name>.debug_str</name>
         <load_address>0x0</load_address>
         <run_address>0x0</run_address>
         <size>0xf5</size>
         <input_file_ref idref="fl-2"/>
      </object_component>
      <object_component id="oc-3e">
         <name>.debug_str</name>
         <load_address>0xf5</load_address>
         <run_address>0xf5</run_address>
         <size>0x116</size>
         <input_file_ref idref="fl-12b"/>
      </object_component>
      <object_component id="oc-82">
         <name>.debug_str</name>
         <load_address>0x20b</load_address>
         <run_address>0x20b</run_address>
         <size>0x15e</size>
         <input_file_ref idref="fl-12b"/>
      </object_component>
      <object_component id="oc-4c">
         <name>.debug_str</name>
         <load_address>0x369</load_address>
         <run_address>0x369</run_address>
         <size>0x108</size>
         <input_file_ref idref="fl-12c"/>
      </object_component>
      <object_component id="oc-8c">
         <name>.debug_str</name>
         <load_address>0x471</load_address>
         <run_address>0x471</run_address>
         <size>0x15e</size>
         <input_file_ref idref="fl-12c"/>
      </object_component>
      <object_component id="oc-c1">
         <name>.debug_str</name>
         <load_address>0x5cf</load_address>
         <run_address>0x5cf</run_address>
         <size>0xec</size>
         <input_file_ref idref="fl-134"/>
      </object_component>
      <object_component id="oc-b4">
         <name>.debug_str</name>
         <load_address>0x6bb</load_address>
         <run_address>0x6bb</run_address>
         <size>0xf8</size>
         <input_file_ref idref="fl-135"/>
      </object_component>
      <object_component id="oc-b9">
         <name>.debug_str</name>
         <load_address>0x7b3</load_address>
         <run_address>0x7b3</run_address>
         <size>0x1b5</size>
         <input_file_ref idref="fl-135"/>
      </object_component>
      <object_component id="oc-d6">
         <name>.debug_str</name>
         <load_address>0x968</load_address>
         <run_address>0x968</run_address>
         <size>0xed</size>
         <input_file_ref idref="fl-136"/>
      </object_component>
      <object_component id="oc-79">
         <name>.debug_pubtypes</name>
         <load_address>0x0</load_address>
         <run_address>0x0</run_address>
         <size>0xed</size>
         <input_file_ref idref="fl-2"/>
      </object_component>
      <object_component id="oc-3b">
         <name>.debug_pubtypes</name>
         <load_address>0xed</load_address>
         <run_address>0xed</run_address>
         <size>0x48</size>
         <input_file_ref idref="fl-12b"/>
      </object_component>
      <object_component id="oc-7f">
         <name>.debug_pubtypes</name>
         <load_address>0x135</load_address>
         <run_address>0x135</run_address>
         <size>0x1d</size>
         <input_file_ref idref="fl-12b"/>
      </object_component>
      <object_component id="oc-49">
         <name>.debug_pubtypes</name>
         <load_address>0x152</load_address>
         <run_address>0x152</run_address>
         <size>0x37</size>
         <input_file_ref idref="fl-12c"/>
      </object_component>
      <object_component id="oc-89">
         <name>.debug_pubtypes</name>
         <load_address>0x189</load_address>
         <run_address>0x189</run_address>
         <size>0x1d</size>
         <input_file_ref idref="fl-12c"/>
      </object_component>
      <object_component id="oc-a9">
         <name>.debug_pubtypes</name>
         <load_address>0x1a6</load_address>
         <run_address>0x1a6</run_address>
         <size>0x1f</size>
         <input_file_ref idref="fl-12e"/>
      </object_component>
      <object_component id="oc-cb">
         <name>.debug_pubtypes</name>
         <load_address>0x1c5</load_address>
         <run_address>0x1c5</run_address>
         <size>0x1f</size>
         <input_file_ref idref="fl-133"/>
      </object_component>
      <object_component id="oc-be">
         <name>.debug_pubtypes</name>
         <load_address>0x1e4</load_address>
         <run_address>0x1e4</run_address>
         <size>0x1b</size>
         <input_file_ref idref="fl-134"/>
      </object_component>
      <object_component id="oc-b1">
         <name>.debug_pubtypes</name>
         <load_address>0x1ff</load_address>
         <run_address>0x1ff</run_address>
         <size>0x32</size>
         <input_file_ref idref="fl-135"/>
      </object_component>
      <object_component id="oc-b6">
         <name>.debug_pubtypes</name>
         <load_address>0x231</load_address>
         <run_address>0x231</run_address>
         <size>0x50</size>
         <input_file_ref idref="fl-135"/>
      </object_component>
      <object_component id="oc-d3">
         <name>.debug_pubtypes</name>
         <load_address>0x281</load_address>
         <run_address>0x281</run_address>
         <size>0x23</size>
         <input_file_ref idref="fl-136"/>
      </object_component>
      <object_component id="oc-9e">
         <name>.debug_frame</name>
         <load_address>0x0</load_address>
         <run_address>0x0</run_address>
         <size>0x7f</size>
         <input_file_ref idref="fl-3"/>
      </object_component>
      <object_component id="oc-30">
         <name>.debug_frame</name>
         <load_address>0x7f</load_address>
         <run_address>0x7f</run_address>
         <size>0x404</size>
         <input_file_ref idref="fl-4"/>
      </object_component>
      <object_component id="oc-16">
         <name>.debug_frame</name>
         <load_address>0x483</load_address>
         <run_address>0x483</run_address>
         <size>0x7f</size>
         <input_file_ref idref="fl-12b"/>
      </object_component>
      <object_component id="oc-45">
         <name>.debug_frame</name>
         <load_address>0x502</load_address>
         <run_address>0x502</run_address>
         <size>0x8e</size>
         <input_file_ref idref="fl-12c"/>
      </object_component>
      <object_component id="oc-1e">
         <name>.debug_frame</name>
         <load_address>0x590</load_address>
         <run_address>0x590</run_address>
         <size>0x7f</size>
         <input_file_ref idref="fl-12c"/>
      </object_component>
      <object_component id="oc-6f">
         <name>.debug_frame</name>
         <load_address>0x60f</load_address>
         <run_address>0x60f</run_address>
         <size>0xb3</size>
         <input_file_ref idref="fl-12e"/>
      </object_component>
      <object_component id="oc-5e">
         <name>.debug_frame</name>
         <load_address>0x6c2</load_address>
         <run_address>0x6c2</run_address>
         <size>0x7f</size>
         <input_file_ref idref="fl-131"/>
      </object_component>
      <object_component id="oc-c7">
         <name>.debug_frame</name>
         <load_address>0x741</load_address>
         <run_address>0x741</run_address>
         <size>0xa1</size>
         <input_file_ref idref="fl-133"/>
      </object_component>
      <object_component id="oc-6a">
         <name>.debug_frame</name>
         <load_address>0x7e2</load_address>
         <run_address>0x7e2</run_address>
         <size>0x7f</size>
         <input_file_ref idref="fl-134"/>
      </object_component>
      <object_component id="oc-64">
         <name>.debug_frame</name>
         <load_address>0x861</load_address>
         <run_address>0x861</run_address>
         <size>0x8a</size>
         <input_file_ref idref="fl-135"/>
      </object_component>
      <object_component id="oc-96">
         <name>.debug_frame</name>
         <load_address>0x8eb</load_address>
         <run_address>0x8eb</run_address>
         <size>0x8e</size>
         <input_file_ref idref="fl-136"/>
      </object_component>
      <object_component id="oc-9b">
         <name>.debug_aranges</name>
         <load_address>0x0</load_address>
         <run_address>0x0</run_address>
         <size>0x20</size>
         <input_file_ref idref="fl-3"/>
      </object_component>
      <object_component id="oc-2d">
         <name>.debug_aranges</name>
         <load_address>0x20</load_address>
         <run_address>0x20</run_address>
         <size>0x1c8</size>
         <input_file_ref idref="fl-4"/>
      </object_component>
      <object_component id="oc-29">
         <name>.debug_aranges</name>
         <load_address>0x1e8</load_address>
         <run_address>0x1e8</run_address>
         <size>0x20</size>
         <input_file_ref idref="fl-12a"/>
      </object_component>
      <object_component id="oc-14">
         <name>.debug_aranges</name>
         <load_address>0x208</load_address>
         <run_address>0x208</run_address>
         <size>0x20</size>
         <input_file_ref idref="fl-12b"/>
      </object_component>
      <object_component id="oc-42">
         <name>.debug_aranges</name>
         <load_address>0x228</load_address>
         <run_address>0x228</run_address>
         <size>0x20</size>
         <input_file_ref idref="fl-12c"/>
      </object_component>
      <object_component id="oc-1b">
         <name>.debug_aranges</name>
         <load_address>0x248</load_address>
         <run_address>0x248</run_address>
         <size>0x20</size>
         <input_file_ref idref="fl-12c"/>
      </object_component>
      <object_component id="oc-6d">
         <name>.debug_aranges</name>
         <load_address>0x268</load_address>
         <run_address>0x268</run_address>
         <size>0x30</size>
         <input_file_ref idref="fl-12e"/>
      </object_component>
      <object_component id="oc-37">
         <name>.debug_aranges</name>
         <load_address>0x298</load_address>
         <run_address>0x298</run_address>
         <size>0x20</size>
         <input_file_ref idref="fl-12f"/>
      </object_component>
      <object_component id="oc-4e">
         <name>.debug_aranges</name>
         <load_address>0x2b8</load_address>
         <run_address>0x2b8</run_address>
         <size>0x28</size>
         <input_file_ref idref="fl-130"/>
      </object_component>
      <object_component id="oc-5b">
         <name>.debug_aranges</name>
         <load_address>0x2e0</load_address>
         <run_address>0x2e0</run_address>
         <size>0x20</size>
         <input_file_ref idref="fl-131"/>
      </object_component>
      <object_component id="oc-c4">
         <name>.debug_aranges</name>
         <load_address>0x300</load_address>
         <run_address>0x300</run_address>
         <size>0x30</size>
         <input_file_ref idref="fl-133"/>
      </object_component>
      <object_component id="oc-67">
         <name>.debug_aranges</name>
         <load_address>0x330</load_address>
         <run_address>0x330</run_address>
         <size>0x20</size>
         <input_file_ref idref="fl-134"/>
      </object_component>
      <object_component id="oc-62">
         <name>.debug_aranges</name>
         <load_address>0x350</load_address>
         <run_address>0x350</run_address>
         <size>0x20</size>
         <input_file_ref idref="fl-135"/>
      </object_component>
      <object_component id="oc-93">
         <name>.debug_aranges</name>
         <load_address>0x370</load_address>
         <run_address>0x370</run_address>
         <size>0x20</size>
         <input_file_ref idref="fl-136"/>
      </object_component>
      <object_component id="oc-9c">
         <name>.debug_pubnames</name>
         <load_address>0x0</load_address>
         <run_address>0x0</run_address>
         <size>0x1b</size>
         <input_file_ref idref="fl-3"/>
      </object_component>
      <object_component id="oc-12">
         <name>.debug_pubnames</name>
         <load_address>0x1b</load_address>
         <run_address>0x1b</run_address>
         <size>0x27</size>
         <input_file_ref idref="fl-4"/>
      </object_component>
      <object_component id="oc-2e">
         <name>.debug_pubnames</name>
         <load_address>0x42</load_address>
         <run_address>0x42</run_address>
         <size>0x474</size>
         <input_file_ref idref="fl-4"/>
      </object_component>
      <object_component id="oc-28">
         <name>.debug_pubnames</name>
         <load_address>0x4b6</load_address>
         <run_address>0x4b6</run_address>
         <size>0x1f</size>
         <input_file_ref idref="fl-12a"/>
      </object_component>
      <object_component id="oc-18">
         <name>.debug_pubnames</name>
         <load_address>0x4d5</load_address>
         <run_address>0x4d5</run_address>
         <size>0x2b</size>
         <input_file_ref idref="fl-12b"/>
      </object_component>
      <object_component id="oc-43">
         <name>.debug_pubnames</name>
         <load_address>0x500</load_address>
         <run_address>0x500</run_address>
         <size>0x2f</size>
         <input_file_ref idref="fl-12c"/>
      </object_component>
      <object_component id="oc-1c">
         <name>.debug_pubnames</name>
         <load_address>0x52f</load_address>
         <run_address>0x52f</run_address>
         <size>0x2c</size>
         <input_file_ref idref="fl-12c"/>
      </object_component>
      <object_component id="oc-a6">
         <name>.debug_pubnames</name>
         <load_address>0x55b</load_address>
         <run_address>0x55b</run_address>
         <size>0x3a</size>
         <input_file_ref idref="fl-12e"/>
      </object_component>
      <object_component id="oc-6e">
         <name>.debug_pubnames</name>
         <load_address>0x595</load_address>
         <run_address>0x595</run_address>
         <size>0x35</size>
         <input_file_ref idref="fl-12e"/>
      </object_component>
      <object_component id="oc-38">
         <name>.debug_pubnames</name>
         <load_address>0x5ca</load_address>
         <run_address>0x5ca</run_address>
         <size>0x1d</size>
         <input_file_ref idref="fl-12f"/>
      </object_component>
      <object_component id="oc-50">
         <name>.debug_pubnames</name>
         <load_address>0x5e7</load_address>
         <run_address>0x5e7</run_address>
         <size>0x37</size>
         <input_file_ref idref="fl-130"/>
      </object_component>
      <object_component id="oc-5c">
         <name>.debug_pubnames</name>
         <load_address>0x61e</load_address>
         <run_address>0x61e</run_address>
         <size>0x27</size>
         <input_file_ref idref="fl-131"/>
      </object_component>
      <object_component id="oc-73">
         <name>.debug_pubnames</name>
         <load_address>0x645</load_address>
         <run_address>0x645</run_address>
         <size>0x23</size>
         <input_file_ref idref="fl-132"/>
      </object_component>
      <object_component id="oc-a3">
         <name>.debug_pubnames</name>
         <load_address>0x668</load_address>
         <run_address>0x668</run_address>
         <size>0x28</size>
         <input_file_ref idref="fl-133"/>
      </object_component>
      <object_component id="oc-c5">
         <name>.debug_pubnames</name>
         <load_address>0x690</load_address>
         <run_address>0x690</run_address>
         <size>0x43</size>
         <input_file_ref idref="fl-133"/>
      </object_component>
      <object_component id="oc-68">
         <name>.debug_pubnames</name>
         <load_address>0x6d3</load_address>
         <run_address>0x6d3</run_address>
         <size>0x21</size>
         <input_file_ref idref="fl-134"/>
      </object_component>
      <object_component id="oc-63">
         <name>.debug_pubnames</name>
         <load_address>0x6f4</load_address>
         <run_address>0x6f4</run_address>
         <size>0x25</size>
         <input_file_ref idref="fl-135"/>
      </object_component>
      <object_component id="oc-94">
         <name>.debug_pubnames</name>
         <load_address>0x719</load_address>
         <run_address>0x719</run_address>
         <size>0x1e</size>
         <input_file_ref idref="fl-136"/>
      </object_component>
   </object_component_list>
   <logical_group_list>
      <logical_group id="lg-4" display="no" color="cyan">
         <name>.intvecs</name>
         <load_address>0x0</load_address>
         <run_address>0x0</run_address>
         <size>0x144</size>
         <contents>
            <object_component_ref idref="oc-10"/>
         </contents>
      </logical_group>
      <logical_group id="lg-5" display="no" color="cyan">
         <name>.text</name>
         <load_address>0x144</load_address>
         <run_address>0x144</run_address>
         <size>0x3ac</size>
         <contents>
            <object_component_ref idref="oc-34"/>
            <object_component_ref idref="oc-2b"/>
            <object_component_ref idref="oc-4d"/>
            <object_component_ref idref="oc-5f"/>
            <object_component_ref idref="oc-40"/>
            <object_component_ref idref="oc-99"/>
            <object_component_ref idref="oc-25"/>
            <object_component_ref idref="oc-91"/>
            <object_component_ref idref="oc-6b"/>
            <object_component_ref idref="oc-65"/>
            <object_component_ref idref="oc-c2"/>
            <object_component_ref idref="oc-13"/>
            <object_component_ref idref="oc-19"/>
            <object_component_ref idref="oc-59"/>
         </contents>
      </logical_group>
      <logical_group id="lg-6" display="no" color="cyan">
         <name>.const</name>
         <run_address>0x0</run_address>
         <size>0x0</size>
         <contents>
         </contents>
      </logical_group>
      <logical_group id="lg-7" display="no" color="cyan">
         <name>.cinit</name>
         <load_address>0x4f0</load_address>
         <run_address>0x4f0</run_address>
         <size>0x20</size>
         <contents>
            <object_component_ref idref="oc-fd"/>
            <object_component_ref idref="oc-fb"/>
            <object_component_ref idref="oc-fc"/>
         </contents>
      </logical_group>
      <logical_group id="lg-8" display="no" color="cyan">
         <name>.pinit</name>
         <run_address>0x0</run_address>
         <size>0x0</size>
         <contents>
         </contents>
      </logical_group>
      <logical_group id="lg-9" display="no" color="cyan">
         <name>.flashMailbox</name>
         <run_address>0x0</run_address>
         <size>0x0</size>
         <contents>
         </contents>
      </logical_group>
      <logical_group id="lg-a" display="no" color="cyan">
         <name>.vtable</name>
         <run_address>0x0</run_address>
         <size>0x0</size>
         <contents>
         </contents>
      </logical_group>
      <logical_group id="lg-d" display="no" color="cyan">
         <name>.sysmem</name>
         <run_address>0x0</run_address>
         <size>0x0</size>
         <contents>
         </contents>
      </logical_group>
      <logical_group id="lg-e" display="no" color="cyan">
         <name>.stack</name>
         <run_address>0x2000fe00</run_address>
         <size>0x200</size>
         <contents>
            <object_component_ref idref="oc-2a"/>
            <object_component_ref idref="oc-fe"/>
         </contents>
      </logical_group>
      <logical_group id="lg-db" display="no" color="cyan">
         <name>.TI.noinit</name>
         <run_address>0x0</run_address>
         <size>0x0</size>
         <contents>
         </contents>
      </logical_group>
      <logical_group id="lg-c" display="no" color="cyan">
         <name>.bss</name>
         <run_address>0x0</run_address>
         <size>0x0</size>
         <contents>
         </contents>
      </logical_group>
      <logical_group id="lg-da" display="no" color="cyan">
         <name>BSS_GROUP</name>
         <run_address>0x0</run_address>
         <size>0x0</size>
         <contents>
            <logical_group_ref idref="lg-db"/>
            <logical_group_ref idref="lg-c"/>
         </contents>
      </logical_group>
      <logical_group id="lg-dd" display="no" color="cyan">
         <name>.TI.persistent</name>
         <run_address>0x20000000</run_address>
         <size>0x0</size>
         <contents>
         </contents>
      </logical_group>
      <logical_group id="lg-b" display="no" color="cyan">
         <name>.data</name>
         <run_address>0x20000000</run_address>
         <size>0x14</size>
         <contents>
            <object_component_ref idref="oc-a4"/>
            <object_component_ref idref="oc-71"/>
            <object_component_ref idref="oc-a1"/>
         </contents>
      </logical_group>
      <logical_group id="lg-dc" display="no" color="cyan">
         <name>DATA_GROUP</name>
         <load_address>0x20000000</load_address>
         <run_address>0x20000000</run_address>
         <size>0x14</size>
         <contents>
            <logical_group_ref idref="lg-dd"/>
            <logical_group_ref idref="lg-b"/>
         </contents>
      </logical_group>
      <logical_group id="lg-eb" display="never" color="cyan">
         <name>.debug_info</name>
         <load_address>0x0</load_address>
         <run_address>0x0</run_address>
         <size>0x40e3</size>
         <contents>
            <object_component_ref idref="oc-78"/>
            <object_component_ref idref="oc-9a"/>
            <object_component_ref idref="oc-33"/>
            <object_component_ref idref="oc-11"/>
            <object_component_ref idref="oc-2c"/>
            <object_component_ref idref="oc-27"/>
            <object_component_ref idref="oc-3f"/>
            <object_component_ref idref="oc-17"/>
            <object_component_ref idref="oc-3a"/>
            <object_component_ref idref="oc-7e"/>
            <object_component_ref idref="oc-47"/>
            <object_component_ref idref="oc-41"/>
            <object_component_ref idref="oc-1a"/>
            <object_component_ref idref="oc-48"/>
            <object_component_ref idref="oc-88"/>
            <object_component_ref idref="oc-a8"/>
            <object_component_ref idref="oc-a5"/>
            <object_component_ref idref="oc-6c"/>
            <object_component_ref idref="oc-36"/>
            <object_component_ref idref="oc-4f"/>
            <object_component_ref idref="oc-5a"/>
            <object_component_ref idref="oc-72"/>
            <object_component_ref idref="oc-ca"/>
            <object_component_ref idref="oc-a2"/>
            <object_component_ref idref="oc-c3"/>
            <object_component_ref idref="oc-a0"/>
            <object_component_ref idref="oc-66"/>
            <object_component_ref idref="oc-bd"/>
            <object_component_ref idref="oc-98"/>
            <object_component_ref idref="oc-61"/>
            <object_component_ref idref="oc-b0"/>
            <object_component_ref idref="oc-b5"/>
            <object_component_ref idref="oc-ad"/>
            <object_component_ref idref="oc-92"/>
            <object_component_ref idref="oc-d2"/>
            <object_component_ref idref="oc-ff"/>
         </contents>
      </logical_group>
      <logical_group id="lg-ed" display="never" color="cyan">
         <name>.debug_line</name>
         <load_address>0x0</load_address>
         <run_address>0x0</run_address>
         <size>0x121f</size>
         <contents>
            <object_component_ref idref="oc-7b"/>
            <object_component_ref idref="oc-9d"/>
            <object_component_ref idref="oc-77"/>
            <object_component_ref idref="oc-32"/>
            <object_component_ref idref="oc-2f"/>
            <object_component_ref idref="oc-26"/>
            <object_component_ref idref="oc-84"/>
            <object_component_ref idref="oc-15"/>
            <object_component_ref idref="oc-3d"/>
            <object_component_ref idref="oc-81"/>
            <object_component_ref idref="oc-87"/>
            <object_component_ref idref="oc-44"/>
            <object_component_ref idref="oc-1d"/>
            <object_component_ref idref="oc-4b"/>
            <object_component_ref idref="oc-8b"/>
            <object_component_ref idref="oc-cf"/>
            <object_component_ref idref="oc-cd"/>
            <object_component_ref idref="oc-70"/>
            <object_component_ref idref="oc-35"/>
            <object_component_ref idref="oc-51"/>
            <object_component_ref idref="oc-5d"/>
            <object_component_ref idref="oc-ab"/>
            <object_component_ref idref="oc-d9"/>
            <object_component_ref idref="oc-c9"/>
            <object_component_ref idref="oc-c6"/>
            <object_component_ref idref="oc-bc"/>
            <object_component_ref idref="oc-69"/>
            <object_component_ref idref="oc-c0"/>
            <object_component_ref idref="oc-af"/>
            <object_component_ref idref="oc-60"/>
            <object_component_ref idref="oc-b3"/>
            <object_component_ref idref="oc-b8"/>
            <object_component_ref idref="oc-d1"/>
            <object_component_ref idref="oc-95"/>
            <object_component_ref idref="oc-d5"/>
         </contents>
      </logical_group>
      <logical_group id="lg-ef" display="never" color="cyan">
         <name>.debug_abbrev</name>
         <load_address>0x0</load_address>
         <run_address>0x0</run_address>
         <size>0xc09</size>
         <contents>
            <object_component_ref idref="oc-7a"/>
            <object_component_ref idref="oc-ba"/>
            <object_component_ref idref="oc-76"/>
            <object_component_ref idref="oc-31"/>
            <object_component_ref idref="oc-75"/>
            <object_component_ref idref="oc-74"/>
            <object_component_ref idref="oc-83"/>
            <object_component_ref idref="oc-39"/>
            <object_component_ref idref="oc-3c"/>
            <object_component_ref idref="oc-80"/>
            <object_component_ref idref="oc-86"/>
            <object_component_ref idref="oc-85"/>
            <object_component_ref idref="oc-46"/>
            <object_component_ref idref="oc-4a"/>
            <object_component_ref idref="oc-8a"/>
            <object_component_ref idref="oc-ce"/>
            <object_component_ref idref="oc-cc"/>
            <object_component_ref idref="oc-a7"/>
            <object_component_ref idref="oc-7d"/>
            <object_component_ref idref="oc-8d"/>
            <object_component_ref idref="oc-90"/>
            <object_component_ref idref="oc-aa"/>
            <object_component_ref idref="oc-d8"/>
            <object_component_ref idref="oc-c8"/>
            <object_component_ref idref="oc-d7"/>
            <object_component_ref idref="oc-bb"/>
            <object_component_ref idref="oc-9f"/>
            <object_component_ref idref="oc-bf"/>
            <object_component_ref idref="oc-ae"/>
            <object_component_ref idref="oc-97"/>
            <object_component_ref idref="oc-b2"/>
            <object_component_ref idref="oc-b7"/>
            <object_component_ref idref="oc-d0"/>
            <object_component_ref idref="oc-ac"/>
            <object_component_ref idref="oc-d4"/>
            <object_component_ref idref="oc-100"/>
         </contents>
      </logical_group>
      <logical_group id="lg-f1" display="never" color="cyan">
         <name>.debug_str</name>
         <load_address>0x0</load_address>
         <run_address>0x0</run_address>
         <size>0xa55</size>
         <contents>
            <object_component_ref idref="oc-7c"/>
            <object_component_ref idref="oc-3e"/>
            <object_component_ref idref="oc-82"/>
            <object_component_ref idref="oc-4c"/>
            <object_component_ref idref="oc-8c"/>
            <object_component_ref idref="oc-c1"/>
            <object_component_ref idref="oc-b4"/>
            <object_component_ref idref="oc-b9"/>
            <object_component_ref idref="oc-d6"/>
         </contents>
      </logical_group>
      <logical_group id="lg-f3" display="never" color="cyan">
         <name>.debug_pubtypes</name>
         <load_address>0x0</load_address>
         <run_address>0x0</run_address>
         <size>0x2a4</size>
         <contents>
            <object_component_ref idref="oc-79"/>
            <object_component_ref idref="oc-3b"/>
            <object_component_ref idref="oc-7f"/>
            <object_component_ref idref="oc-49"/>
            <object_component_ref idref="oc-89"/>
            <object_component_ref idref="oc-a9"/>
            <object_component_ref idref="oc-cb"/>
            <object_component_ref idref="oc-be"/>
            <object_component_ref idref="oc-b1"/>
            <object_component_ref idref="oc-b6"/>
            <object_component_ref idref="oc-d3"/>
         </contents>
      </logical_group>
      <logical_group id="lg-f5" display="never" color="cyan">
         <name>.debug_frame</name>
         <load_address>0x0</load_address>
         <run_address>0x0</run_address>
         <size>0x979</size>
         <contents>
            <object_component_ref idref="oc-9e"/>
            <object_component_ref idref="oc-30"/>
            <object_component_ref idref="oc-16"/>
            <object_component_ref idref="oc-45"/>
            <object_component_ref idref="oc-1e"/>
            <object_component_ref idref="oc-6f"/>
            <object_component_ref idref="oc-5e"/>
            <object_component_ref idref="oc-c7"/>
            <object_component_ref idref="oc-6a"/>
            <object_component_ref idref="oc-64"/>
            <object_component_ref idref="oc-96"/>
         </contents>
      </logical_group>
      <logical_group id="lg-f7" display="never" color="cyan">
         <name>.debug_aranges</name>
         <load_address>0x0</load_address>
         <run_address>0x0</run_address>
         <size>0x390</size>
         <contents>
            <object_component_ref idref="oc-9b"/>
            <object_component_ref idref="oc-2d"/>
            <object_component_ref idref="oc-29"/>
            <object_component_ref idref="oc-14"/>
            <object_component_ref idref="oc-42"/>
            <object_component_ref idref="oc-1b"/>
            <object_component_ref idref="oc-6d"/>
            <object_component_ref idref="oc-37"/>
            <object_component_ref idref="oc-4e"/>
            <object_component_ref idref="oc-5b"/>
            <object_component_ref idref="oc-c4"/>
            <object_component_ref idref="oc-67"/>
            <object_component_ref idref="oc-62"/>
            <object_component_ref idref="oc-93"/>
         </contents>
      </logical_group>
      <logical_group id="lg-f9" display="never" color="cyan">
         <name>.debug_pubnames</name>
         <load_address>0x0</load_address>
         <run_address>0x0</run_address>
         <size>0x737</size>
         <contents>
            <object_component_ref idref="oc-9c"/>
            <object_component_ref idref="oc-12"/>
            <object_component_ref idref="oc-2e"/>
            <object_component_ref idref="oc-28"/>
            <object_component_ref idref="oc-18"/>
            <object_component_ref idref="oc-43"/>
            <object_component_ref idref="oc-1c"/>
            <object_component_ref idref="oc-a6"/>
            <object_component_ref idref="oc-6e"/>
            <object_component_ref idref="oc-38"/>
            <object_component_ref idref="oc-50"/>
            <object_component_ref idref="oc-5c"/>
            <object_component_ref idref="oc-73"/>
            <object_component_ref idref="oc-a3"/>
            <object_component_ref idref="oc-c5"/>
            <object_component_ref idref="oc-68"/>
            <object_component_ref idref="oc-63"/>
            <object_component_ref idref="oc-94"/>
         </contents>
      </logical_group>
      <load_segment id="lg-102" display="no" color="cyan">
         <name>SEGMENT_0</name>
         <load_address>0x0</load_address>
         <run_address>0x0</run_address>
         <size>0x510</size>
         <flags>0x5</flags>
         <contents>
            <logical_group_ref idref="lg-4"/>
            <logical_group_ref idref="lg-5"/>
            <logical_group_ref idref="lg-7"/>
         </contents>
      </load_segment>
      <load_segment id="lg-103" display="no" color="cyan">
         <name>SEGMENT_1</name>
         <run_address>0x20000000</run_address>
         <size>0x14</size>
         <flags>0x6</flags>
         <contents>
            <logical_group_ref idref="lg-b"/>
         </contents>
      </load_segment>
      <load_segment id="lg-104" display="no" color="cyan">
         <name>SEGMENT_2</name>
         <run_address>0x2000fe00</run_address>
         <size>0x200</size>
         <flags>0x6</flags>
         <contents>
            <logical_group_ref idref="lg-e"/>
         </contents>
      </load_segment>
   </logical_group_list>
   <placement_map>
      <memory_area display="yes" color="green">
         <name>MAIN</name>
         <page_id>0x0</page_id>
         <origin>0x0</origin>
         <length>0x40000</length>
         <used_space>0x510</used_space>
         <unused_space>0x3faf0</unused_space>
         <attributes>RX</attributes>
         <usage_details>
            <allocated_space>
               <start_address>0x0</start_address>
               <size>0x144</size>
               <logical_group_ref idref="lg-4"/>
            </allocated_space>
            <allocated_space>
               <start_address>0x144</start_address>
               <size>0x3ac</size>
               <logical_group_ref idref="lg-5"/>
            </allocated_space>
            <allocated_space>
               <start_address>0x4f0</start_address>
               <size>0x20</size>
               <logical_group_ref idref="lg-7"/>
            </allocated_space>
            <available_space>
               <start_address>0x510</start_address>
               <size>0x3faf0</size>
            </available_space>
         </usage_details>
      </memory_area>
      <memory_area display="yes" color="green">
         <name>INFO</name>
         <page_id>0x0</page_id>
         <origin>0x200000</origin>
         <length>0x4000</length>
         <used_space>0x0</used_space>
         <unused_space>0x4000</unused_space>
         <attributes>RX</attributes>
         <usage_details>
         </usage_details>
      </memory_area>
      <memory_area display="yes" color="green">
         <name>SRAM_CODE</name>
         <page_id>0x0</page_id>
         <origin>0x1000000</origin>
         <length>0x10000</length>
         <used_space>0x0</used_space>
         <unused_space>0x10000</unused_space>
         <attributes>RWX</attributes>
         <usage_details>
         </usage_details>
      </memory_area>
      <memory_area display="yes" color="green">
         <name>SRAM_DATA</name>
         <page_id>0x0</page_id>
         <origin>0x20000000</origin>
         <length>0x10000</length>
         <used_space>0x214</used_space>
         <unused_space>0xfdec</unused_space>
         <attributes>RW</attributes>
         <usage_details>
            <allocated_space>
               <start_address>0x20000000</start_address>
               <size>0x14</size>
               <logical_group_ref idref="lg-dc"/>
            </allocated_space>
            <available_space>
               <start_address>0x20000014</start_address>
               <size>0xfdec</size>
            </available_space>
            <allocated_space>
               <start_address>0x2000fe00</start_address>
               <size>0x200</size>
               <logical_group_ref idref="lg-e"/>
            </allocated_space>
         </usage_details>
      </memory_area>
   </placement_map>
   <cptbl_list>
      <cptbl>
         <name>__TI_cinit_table</name>
         <cprec>
            <name>.data</name>
            <load_address>0x4f0</load_address>
            <load_size>0xf</load_size>
            <run_address>0x20000000</run_address>
            <run_size>0x14</run_size>
            <compression>rle</compression>
         </cprec>
      </cptbl>
   </cptbl_list>
   <handler_table>
      <handler_table_name>__TI_handler_table</handler_table_name>
      <handler>
         <index>0x0</index>
         <name>__TI_decompress_rle24</name>
      </handler>
      <handler>
         <index>0x1</index>
         <name>__TI_decompress_none</name>
      </handler>
   </handler_table>
   <symbol_table>
      <symbol id="sm-1">
         <name>WDTCTL_SYM</name>
         <value>0x4000480c</value>
      </symbol>
      <symbol id="sm-2">
         <name>__TI_CINIT_Base</name>
         <value>0x508</value>
      </symbol>
      <symbol id="sm-3">
         <name>__TI_CINIT_Limit</name>
         <value>0x510</value>
      </symbol>
      <symbol id="sm-4">
         <name>__TI_Handler_Table_Base</name>
         <value>0x500</value>
      </symbol>
      <symbol id="sm-5">
         <name>__TI_Handler_Table_Limit</name>
         <value>0x508</value>
      </symbol>
      <symbol id="sm-6">
         <name>binit</name>
         <value>0xffffffff</value>
      </symbol>
      <symbol id="sm-7">
         <name>__binit__</name>
         <value>0xffffffff</value>
      </symbol>
      <symbol id="sm-8">
         <name>__STACK_SIZE</name>
         <value>0x200</value>
      </symbol>
      <symbol id="sm-9">
         <name>__STACK_END</name>
         <value>0x20010000</value>
      </symbol>
      <symbol id="sm-a">
         <name>__c_args__</name>
         <value>0xffffffff</value>
      </symbol>
      <symbol id="sm-2f">
         <name>main</name>
         <value>0x3cb</value>
         <object_component_ref idref="oc-99"/>
      </symbol>
      <symbol id="sm-af">
         <name>T32_INT2_IRQHandler</name>
         <value>0x239</value>
         <object_component_ref idref="oc-2b"/>
      </symbol>
      <symbol id="sm-b0">
         <name>PendSV_Handler</name>
         <value>0x201</value>
         <object_component_ref idref="oc-2b"/>
      </symbol>
      <symbol id="sm-b1">
         <name>SysTick_Handler</name>
         <value>0x203</value>
         <object_component_ref idref="oc-2b"/>
      </symbol>
      <symbol id="sm-b2">
         <name>EUSCIA3_IRQHandler</name>
         <value>0x22b</value>
         <object_component_ref idref="oc-2b"/>
      </symbol>
      <symbol id="sm-b3">
         <name>SVC_Handler</name>
         <value>0x1fd</value>
         <object_component_ref idref="oc-2b"/>
      </symbol>
      <symbol id="sm-b4">
         <name>EUSCIB1_IRQHandler</name>
         <value>0x22f</value>
         <object_component_ref idref="oc-2b"/>
      </symbol>
      <symbol id="sm-b5">
         <name>PORT4_IRQHandler</name>
         <value>0x251</value>
         <object_component_ref idref="oc-2b"/>
      </symbol>
      <symbol id="sm-b6">
         <name>AES256_IRQHandler</name>
         <value>0x23d</value>
         <object_component_ref idref="oc-2b"/>
      </symbol>
      <symbol id="sm-b7">
         <name>FPU_IRQHandler</name>
         <value>0x20d</value>
         <object_component_ref idref="oc-2b"/>
      </symbol>
      <symbol id="sm-b8">
         <name>EUSCIB2_IRQHandler</name>
         <value>0x231</value>
         <object_component_ref idref="oc-2b"/>
      </symbol>
      <symbol id="sm-b9">
         <name>PORT1_IRQHandler</name>
         <value>0x24b</value>
         <object_component_ref idref="oc-2b"/>
      </symbol>
      <symbol id="sm-ba">
         <name>RTC_C_IRQHandler</name>
         <value>0x23f</value>
         <object_component_ref idref="oc-2b"/>
      </symbol>
      <symbol id="sm-bb">
         <name>TA2_0_IRQHandler</name>
         <value>0x21d</value>
         <object_component_ref idref="oc-2b"/>
      </symbol>
      <symbol id="sm-bc">
         <name>TA3_N_IRQHandler</name>
         <value>0x223</value>
         <object_component_ref idref="oc-2b"/>
      </symbol>
      <symbol id="sm-bd">
         <name>DMA_INT3_IRQHandler</name>
         <value>0x243</value>
         <object_component_ref idref="oc-2b"/>
      </symbol>
      <symbol id="sm-be">
         <name>PORT2_IRQHandler</name>
         <value>0x24d</value>
         <object_component_ref idref="oc-2b"/>
      </symbol>
      <symbol id="sm-bf">
         <name>StartCritical</name>
         <value>0x263</value>
         <object_component_ref idref="oc-2b"/>
      </symbol>
      <symbol id="sm-c0">
         <name>TA0_0_IRQHandler</name>
         <value>0x215</value>
         <object_component_ref idref="oc-2b"/>
      </symbol>
      <symbol id="sm-c1">
         <name>PSS_IRQHandler</name>
         <value>0x205</value>
         <object_component_ref idref="oc-2b"/>
      </symbol>
      <symbol id="sm-c2">
         <name>TA1_N_IRQHandler</name>
         <value>0x21b</value>
         <object_component_ref idref="oc-2b"/>
      </symbol>
      <symbol id="sm-c3">
         <name>EUSCIA1_IRQHandler</name>
         <value>0x227</value>
         <object_component_ref idref="oc-2b"/>
      </symbol>
      <symbol id="sm-c4">
         <name>EUSCIA2_IRQHandler</name>
         <value>0x229</value>
         <object_component_ref idref="oc-2b"/>
      </symbol>
      <symbol id="sm-c5">
         <name>COMP_E0_IRQHandler</name>
         <value>0x211</value>
         <object_component_ref idref="oc-2b"/>
      </symbol>
      <symbol id="sm-c6">
         <name>WDT_A_IRQHandler</name>
         <value>0x20b</value>
         <object_component_ref idref="oc-2b"/>
      </symbol>
      <symbol id="sm-c7">
         <name>EUSCIB0_IRQHandler</name>
         <value>0x22d</value>
         <object_component_ref idref="oc-2b"/>
      </symbol>
      <symbol id="sm-c8">
         <name>FLCTL_IRQHandler</name>
         <value>0x20f</value>
         <object_component_ref idref="oc-2b"/>
      </symbol>
      <symbol id="sm-c9">
         <name>EndCritical</name>
         <value>0x26d</value>
         <object_component_ref idref="oc-2b"/>
      </symbol>
      <symbol id="sm-ca">
         <name>DMA_INT1_IRQHandler</name>
         <value>0x247</value>
         <object_component_ref idref="oc-2b"/>
      </symbol>
      <symbol id="sm-cb">
         <name>PCM_IRQHandler</name>
         <value>0x209</value>
         <object_component_ref idref="oc-2b"/>
      </symbol>
      <symbol id="sm-cc">
         <name>ADC14_IRQHandler</name>
         <value>0x235</value>
         <object_component_ref idref="oc-2b"/>
      </symbol>
      <symbol id="sm-cd">
         <name>T32_INTC_IRQHandler</name>
         <value>0x23b</value>
         <object_component_ref idref="oc-2b"/>
      </symbol>
      <symbol id="sm-ce">
         <name>DMA_INT2_IRQHandler</name>
         <value>0x245</value>
         <object_component_ref idref="oc-2b"/>
      </symbol>
      <symbol id="sm-cf">
         <name>TA3_0_IRQHandler</name>
         <value>0x221</value>
         <object_component_ref idref="oc-2b"/>
      </symbol>
      <symbol id="sm-d0">
         <name>EUSCIA0_IRQHandler</name>
         <value>0x225</value>
         <object_component_ref idref="oc-2b"/>
      </symbol>
      <symbol id="sm-d1">
         <name>DMA_ERR_IRQHandler</name>
         <value>0x241</value>
         <object_component_ref idref="oc-2b"/>
      </symbol>
      <symbol id="sm-d2">
         <name>DisableInterrupts</name>
         <value>0x257</value>
         <object_component_ref idref="oc-2b"/>
      </symbol>
      <symbol id="sm-d3">
         <name>PORT5_IRQHandler</name>
         <value>0x253</value>
         <object_component_ref idref="oc-2b"/>
      </symbol>
      <symbol id="sm-d4">
         <name>TA1_0_IRQHandler</name>
         <value>0x219</value>
         <object_component_ref idref="oc-2b"/>
      </symbol>
      <symbol id="sm-d5">
         <name>TA2_N_IRQHandler</name>
         <value>0x21f</value>
         <object_component_ref idref="oc-2b"/>
      </symbol>
      <symbol id="sm-d6">
         <name>COMP_E1_IRQHandler</name>
         <value>0x213</value>
         <object_component_ref idref="oc-2b"/>
      </symbol>
      <symbol id="sm-d7">
         <name>EUSCIB3_IRQHandler</name>
         <value>0x233</value>
         <object_component_ref idref="oc-2b"/>
      </symbol>
      <symbol id="sm-d8">
         <name>WaitForInterrupt</name>
         <value>0x275</value>
         <object_component_ref idref="oc-2b"/>
      </symbol>
      <symbol id="sm-d9">
         <name>interruptVectors</name>
         <value>0x0</value>
         <object_component_ref idref="oc-10"/>
      </symbol>
      <symbol id="sm-da">
         <name>EnableInterrupts</name>
         <value>0x25d</value>
         <object_component_ref idref="oc-2b"/>
      </symbol>
      <symbol id="sm-db">
         <name>PORT6_IRQHandler</name>
         <value>0x255</value>
         <object_component_ref idref="oc-2b"/>
      </symbol>
      <symbol id="sm-dc">
         <name>TA0_N_IRQHandler</name>
         <value>0x217</value>
         <object_component_ref idref="oc-2b"/>
      </symbol>
      <symbol id="sm-dd">
         <name>T32_INT1_IRQHandler</name>
         <value>0x237</value>
         <object_component_ref idref="oc-2b"/>
      </symbol>
      <symbol id="sm-de">
         <name>DebugMon_Handler</name>
         <value>0x1ff</value>
         <object_component_ref idref="oc-2b"/>
      </symbol>
      <symbol id="sm-df">
         <name>DMA_INT0_IRQHandler</name>
         <value>0x249</value>
         <object_component_ref idref="oc-2b"/>
      </symbol>
      <symbol id="sm-e0">
         <name>PORT3_IRQHandler</name>
         <value>0x24f</value>
         <object_component_ref idref="oc-2b"/>
      </symbol>
      <symbol id="sm-e1">
         <name>CS_IRQHandler</name>
         <value>0x207</value>
         <object_component_ref idref="oc-2b"/>
      </symbol>
      <symbol id="sm-f3">
         <name>_c_int00</name>
         <value>0x3cd</value>
         <object_component_ref idref="oc-25"/>
      </symbol>
      <symbol id="sm-f4">
         <name>__stack</name>
         <value>0x2000fe00</value>
         <object_component_ref idref="oc-2a"/>
      </symbol>
      <symbol id="sm-10b">
         <name>__TI_decompress_none</name>
         <value>0x4d9</value>
         <object_component_ref idref="oc-13"/>
      </symbol>
      <symbol id="sm-133">
         <name>__TI_decompress_rle24</name>
         <value>0x4e7</value>
         <object_component_ref idref="oc-19"/>
      </symbol>
      <symbol id="sm-153">
         <name>C$$EXIT</name>
         <value>0x469</value>
         <object_component_ref idref="oc-6b"/>
      </symbol>
      <symbol id="sm-154">
         <name>abort</name>
         <value>0x46d</value>
         <object_component_ref idref="oc-6b"/>
      </symbol>
      <symbol id="sm-155">
         <name>exit</name>
         <value>0x475</value>
         <object_component_ref idref="oc-6b"/>
      </symbol>
      <symbol id="sm-156">
         <name>__TI_dtors_ptr</name>
         <value>0x2000000c</value>
         <object_component_ref idref="oc-a4"/>
      </symbol>
      <symbol id="sm-157">
         <name>__TI_cleanup_ptr</name>
         <value>0x20000008</value>
         <object_component_ref idref="oc-a4"/>
      </symbol>
      <symbol id="sm-172">
         <name>memcpy</name>
         <value>0x145</value>
         <object_component_ref idref="oc-34"/>
      </symbol>
      <symbol id="sm-173">
         <name>__aeabi_memcpy</name>
         <value>0x145</value>
         <object_component_ref idref="oc-34"/>
      </symbol>
      <symbol id="sm-174">
         <name>__aeabi_memcpy8</name>
         <value>0x145</value>
         <object_component_ref idref="oc-34"/>
      </symbol>
      <symbol id="sm-175">
         <name>__aeabi_memcpy4</name>
         <value>0x145</value>
         <object_component_ref idref="oc-34"/>
      </symbol>
      <symbol id="sm-184">
         <name>__aeabi_memset</name>
         <value>0x27d</value>
         <object_component_ref idref="oc-4d"/>
      </symbol>
      <symbol id="sm-185">
         <name>memset</name>
         <value>0x283</value>
         <object_component_ref idref="oc-4d"/>
      </symbol>
      <symbol id="sm-186">
         <name>__aeabi_memset8</name>
         <value>0x27d</value>
         <object_component_ref idref="oc-4d"/>
      </symbol>
      <symbol id="sm-187">
         <name>__aeabi_memset4</name>
         <value>0x27d</value>
         <object_component_ref idref="oc-4d"/>
      </symbol>
      <symbol id="sm-188">
         <name>__aeabi_memclr8</name>
         <value>0x27b</value>
         <object_component_ref idref="oc-4d"/>
      </symbol>
      <symbol id="sm-189">
         <name>__aeabi_memclr4</name>
         <value>0x27b</value>
         <object_component_ref idref="oc-4d"/>
      </symbol>
      <symbol id="sm-18a">
         <name>__aeabi_memclr</name>
         <value>0x27b</value>
         <object_component_ref idref="oc-4d"/>
      </symbol>
      <symbol id="sm-194">
         <name>_system_pre_init</name>
         <value>0x4ed</value>
         <object_component_ref idref="oc-59"/>
      </symbol>
      <symbol id="sm-19c">
         <name>main_func_sp</name>
         <value>0x20000010</value>
         <object_component_ref idref="oc-71"/>
      </symbol>
      <symbol id="sm-1b5">
         <name>_nop</name>
         <value>0x4d3</value>
         <object_component_ref idref="oc-c2"/>
      </symbol>
      <symbol id="sm-1b6">
         <name>_lock</name>
         <value>0x20000000</value>
         <object_component_ref idref="oc-a1"/>
      </symbol>
      <symbol id="sm-1b7">
         <name>_unlock</name>
         <value>0x20000004</value>
         <object_component_ref idref="oc-a1"/>
      </symbol>
      <symbol id="sm-1b8">
         <name>_register_lock</name>
         <value>0x4cb</value>
         <object_component_ref idref="oc-c2"/>
      </symbol>
      <symbol id="sm-1b9">
         <name>_register_unlock</name>
         <value>0x4c5</value>
         <object_component_ref idref="oc-c2"/>
      </symbol>
      <symbol id="sm-1ce">
         <name>_args_main</name>
         <value>0x4ad</value>
         <object_component_ref idref="oc-65"/>
      </symbol>
      <symbol id="sm-1f4">
         <name>__TI_auto_init</name>
         <value>0x2f5</value>
         <object_component_ref idref="oc-5f"/>
      </symbol>
      <symbol id="sm-20e">
         <name>copy_in</name>
         <value>0x41d</value>
         <object_component_ref idref="oc-91"/>
      </symbol>
      <symbol id="sm-20f">
         <name>__TI_static_base__</name>
         <value>0x0</value>
      </symbol>
      <symbol id="sm-212">
         <name>SHT$$INIT_ARRAY$$Limit</name>
         <value>0x0</value>
      </symbol>
      <symbol id="sm-213">
         <name>SHT$$INIT_ARRAY$$Base</name>
         <value>0x0</value>
      </symbol>
   </symbol_table>
   <title>Link successful</title>
</link_info>
