<?xml version="1.0" encoding="ISO-8859-1" ?>
<link_info>
   <banner>TI ARM Linker PC v18.12.1.LTS</banner>
   <copyright>Copyright (c) 1996-2018 Texas Instruments Incorporated</copyright>
   <link_time>0x5d802145</link_time>
   <link_errors>0x0</link_errors>
   <output_file>Lab1.out</output_file>
   <entry_point>
      <name>_c_int00_noinit_noargs</name>
      <address>0x2ad</address>
   </entry_point>
   <input_file_list>
      <input_file id="fl-2">
         <path>.\</path>
         <kind>object</kind>
         <file>main.obj</file>
         <name>main.obj</name>
      </input_file>
      <input_file id="fl-3">
         <path>.\</path>
         <kind>object</kind>
         <file>msp432_startup_ccs.obj</file>
         <name>msp432_startup_ccs.obj</name>
      </input_file>
      <input_file id="fl-7">
         <kind>object</kind>
         <file>&lt;internal&gt;</file>
         <name>&lt;internal&gt;</name>
      </input_file>
      <input_file id="fl-bd">
         <path>C:\ti\ccs901\ccs\tools\compiler\ti-cgt-arm_18.12.1.LTS\lib\</path>
         <kind>archive</kind>
         <file>rtsv7M4_T_le_v4SPD16_eabi.lib</file>
         <name>boot_cortex_m.c.obj</name>
      </input_file>
      <input_file id="fl-be">
         <path>C:\ti\ccs901\ccs\tools\compiler\ti-cgt-arm_18.12.1.LTS\lib\</path>
         <kind>archive</kind>
         <file>rtsv7M4_T_le_v4SPD16_eabi.lib</file>
         <name>autoinit.c.obj</name>
      </input_file>
      <input_file id="fl-bf">
         <path>C:\ti\ccs901\ccs\tools\compiler\ti-cgt-arm_18.12.1.LTS\lib\</path>
         <kind>archive</kind>
         <file>rtsv7M4_T_le_v4SPD16_eabi.lib</file>
         <name>pre_init.c.obj</name>
      </input_file>
      <input_file id="fl-c0">
         <path>C:\ti\ccs901\ccs\tools\compiler\ti-cgt-arm_18.12.1.LTS\lib\</path>
         <kind>archive</kind>
         <file>rtsv7M4_T_le_v4SPD16_eabi.lib</file>
         <name>cpy_tbl.c.obj</name>
      </input_file>
      <input_file id="fl-c1">
         <path>C:\ti\ccs901\ccs\tools\compiler\ti-cgt-arm_18.12.1.LTS\lib\</path>
         <kind>archive</kind>
         <file>rtsv7M4_T_le_v4SPD16_eabi.lib</file>
         <name>exit.c.obj</name>
      </input_file>
      <input_file id="fl-c2">
         <path>C:\ti\ccs901\ccs\tools\compiler\ti-cgt-arm_18.12.1.LTS\lib\</path>
         <kind>archive</kind>
         <file>rtsv7M4_T_le_v4SPD16_eabi.lib</file>
         <name>_lock.c.obj</name>
      </input_file>
      <input_file id="fl-c3">
         <path>C:\ti\ccs901\ccs\tools\compiler\ti-cgt-arm_18.12.1.LTS\lib\</path>
         <kind>archive</kind>
         <file>rtsv7M4_T_le_v4SPD16_eabi.lib</file>
         <name>args_main.c.obj</name>
      </input_file>
      <input_file id="fl-c4">
         <path>C:\ti\ccs901\ccs\tools\compiler\ti-cgt-arm_18.12.1.LTS\lib\</path>
         <kind>archive</kind>
         <file>rtsv7M4_T_le_v4SPD16_eabi.lib</file>
         <name>memcpy_t2.asm.obj</name>
      </input_file>
   </input_file_list>
   <object_component_list>
      <object_component id="oc-10">
         <name>.intvecs</name>
         <load_address>0x0</load_address>
         <run_address>0x0</run_address>
         <size>0x144</size>
         <input_file_ref idref="fl-3"/>
      </object_component>
      <object_component id="oc-53">
         <name>.text</name>
         <load_address>0x144</load_address>
         <run_address>0x144</run_address>
         <size>0xca</size>
         <input_file_ref idref="fl-2"/>
      </object_component>
      <object_component id="oc-17">
         <name>.text</name>
         <load_address>0x210</load_address>
         <run_address>0x210</run_address>
         <size>0x9a</size>
         <input_file_ref idref="fl-3"/>
      </object_component>
      <object_component id="oc-30">
         <name>.text:_c_int00_noinit_noargs:_c_int00_noinit_noargs</name>
         <load_address>0x2ac</load_address>
         <run_address>0x2ac</run_address>
         <size>0x2c</size>
         <input_file_ref idref="fl-bd"/>
      </object_component>
      <object_component id="oc-4d">
         <name>.text:_system_pre_init</name>
         <load_address>0x2d8</load_address>
         <run_address>0x2d8</run_address>
         <size>0x4</size>
         <input_file_ref idref="fl-bf"/>
      </object_component>
      <object_component id="oc-66">
         <name>.text:abort:abort</name>
         <load_address>0x2dc</load_address>
         <run_address>0x2dc</run_address>
         <size>0x4</size>
         <input_file_ref idref="fl-c1"/>
      </object_component>
      <object_component id="oc-14">
         <name>.stack</name>
         <uninitialized>true</uninitialized>
         <run_address>0x2000fff8</run_address>
         <size>0x4</size>
         <input_file_ref idref="fl-bd"/>
      </object_component>
      <object_component id="oc-120">
         <name>.stack</name>
         <uninitialized>true</uninitialized>
         <run_address>0x2000fff8</run_address>
         <size>0x0</size>
      </object_component>
      <object_component id="oc-54">
         <name>.debug_info</name>
         <load_address>0x0</load_address>
         <run_address>0x0</run_address>
         <size>0x1a8</size>
         <input_file_ref idref="fl-2"/>
      </object_component>
      <object_component id="oc-1f">
         <name>.debug_info</name>
         <load_address>0x1a8</load_address>
         <run_address>0x1a8</run_address>
         <size>0x292</size>
         <input_file_ref idref="fl-3"/>
      </object_component>
      <object_component id="oc-11">
         <name>.debug_info</name>
         <load_address>0x43a</load_address>
         <run_address>0x43a</run_address>
         <size>0xd9</size>
         <input_file_ref idref="fl-3"/>
      </object_component>
      <object_component id="oc-19">
         <name>.debug_info</name>
         <load_address>0x513</load_address>
         <run_address>0x513</run_address>
         <size>0x1685</size>
         <input_file_ref idref="fl-3"/>
      </object_component>
      <object_component id="oc-2b">
         <name>.debug_info</name>
         <load_address>0x1b98</load_address>
         <run_address>0x1b98</run_address>
         <size>0x26b</size>
         <input_file_ref idref="fl-3"/>
      </object_component>
      <object_component id="oc-22">
         <name>.debug_info</name>
         <load_address>0x1e03</load_address>
         <run_address>0x1e03</run_address>
         <size>0x84</size>
         <input_file_ref idref="fl-3"/>
      </object_component>
      <object_component id="oc-48">
         <name>.debug_info</name>
         <load_address>0x1e87</load_address>
         <run_address>0x1e87</run_address>
         <size>0x297</size>
         <input_file_ref idref="fl-3"/>
      </object_component>
      <object_component id="oc-15">
         <name>.debug_info</name>
         <load_address>0x211e</load_address>
         <run_address>0x211e</run_address>
         <size>0x10f</size>
         <input_file_ref idref="fl-bd"/>
      </object_component>
      <object_component id="oc-32">
         <name>.debug_info</name>
         <load_address>0x222d</load_address>
         <run_address>0x222d</run_address>
         <size>0x1a6</size>
         <input_file_ref idref="fl-bd"/>
      </object_component>
      <object_component id="oc-4f">
         <name>.debug_info</name>
         <load_address>0x23d3</load_address>
         <run_address>0x23d3</run_address>
         <size>0x157</size>
         <input_file_ref idref="fl-bf"/>
      </object_component>
      <object_component id="oc-68">
         <name>.debug_info</name>
         <load_address>0x252a</load_address>
         <run_address>0x252a</run_address>
         <size>0x126</size>
         <input_file_ref idref="fl-c1"/>
      </object_component>
      <object_component id="oc-121">
         <name>.debug_info</name>
         <load_address>0x2650</load_address>
         <run_address>0x2650</run_address>
         <size>0x8a</size>
      </object_component>
      <object_component id="oc-57">
         <name>.debug_line</name>
         <load_address>0x0</load_address>
         <run_address>0x0</run_address>
         <size>0x94</size>
         <input_file_ref idref="fl-2"/>
      </object_component>
      <object_component id="oc-2a">
         <name>.debug_line</name>
         <load_address>0x94</load_address>
         <run_address>0x94</run_address>
         <size>0x3b</size>
         <input_file_ref idref="fl-3"/>
      </object_component>
      <object_component id="oc-1e">
         <name>.debug_line</name>
         <load_address>0xcf</load_address>
         <run_address>0xcf</run_address>
         <size>0x3b</size>
         <input_file_ref idref="fl-3"/>
      </object_component>
      <object_component id="oc-18">
         <name>.debug_line</name>
         <load_address>0x10a</load_address>
         <run_address>0x10a</run_address>
         <size>0x55a</size>
         <input_file_ref idref="fl-3"/>
      </object_component>
      <object_component id="oc-2e">
         <name>.debug_line</name>
         <load_address>0x664</load_address>
         <run_address>0x664</run_address>
         <size>0x6f</size>
         <input_file_ref idref="fl-3"/>
      </object_component>
      <object_component id="oc-25">
         <name>.debug_line</name>
         <load_address>0x6d3</load_address>
         <run_address>0x6d3</run_address>
         <size>0x20</size>
         <input_file_ref idref="fl-3"/>
      </object_component>
      <object_component id="oc-4b">
         <name>.debug_line</name>
         <load_address>0x6f3</load_address>
         <run_address>0x6f3</run_address>
         <size>0x73</size>
         <input_file_ref idref="fl-3"/>
      </object_component>
      <object_component id="oc-21">
         <name>.debug_line</name>
         <load_address>0x766</load_address>
         <run_address>0x766</run_address>
         <size>0x33</size>
         <input_file_ref idref="fl-bd"/>
      </object_component>
      <object_component id="oc-34">
         <name>.debug_line</name>
         <load_address>0x799</load_address>
         <run_address>0x799</run_address>
         <size>0x48</size>
         <input_file_ref idref="fl-bd"/>
      </object_component>
      <object_component id="oc-4e">
         <name>.debug_line</name>
         <load_address>0x7e1</load_address>
         <run_address>0x7e1</run_address>
         <size>0x40</size>
         <input_file_ref idref="fl-bf"/>
      </object_component>
      <object_component id="oc-6b">
         <name>.debug_line</name>
         <load_address>0x821</load_address>
         <run_address>0x821</run_address>
         <size>0x3c</size>
         <input_file_ref idref="fl-c1"/>
      </object_component>
      <object_component id="oc-65">
         <name>.debug_abbrev</name>
         <load_address>0x0</load_address>
         <run_address>0x0</run_address>
         <size>0x5f</size>
         <input_file_ref idref="fl-2"/>
      </object_component>
      <object_component id="oc-29">
         <name>.debug_abbrev</name>
         <load_address>0x5f</load_address>
         <run_address>0x5f</run_address>
         <size>0x68</size>
         <input_file_ref idref="fl-3"/>
      </object_component>
      <object_component id="oc-1d">
         <name>.debug_abbrev</name>
         <load_address>0xc7</load_address>
         <run_address>0xc7</run_address>
         <size>0x29</size>
         <input_file_ref idref="fl-3"/>
      </object_component>
      <object_component id="oc-28">
         <name>.debug_abbrev</name>
         <load_address>0xf0</load_address>
         <run_address>0xf0</run_address>
         <size>0xf8</size>
         <input_file_ref idref="fl-3"/>
      </object_component>
      <object_component id="oc-2d">
         <name>.debug_abbrev</name>
         <load_address>0x1e8</load_address>
         <run_address>0x1e8</run_address>
         <size>0x69</size>
         <input_file_ref idref="fl-3"/>
      </object_component>
      <object_component id="oc-24">
         <name>.debug_abbrev</name>
         <load_address>0x251</load_address>
         <run_address>0x251</run_address>
         <size>0x1f</size>
         <input_file_ref idref="fl-3"/>
      </object_component>
      <object_component id="oc-4a">
         <name>.debug_abbrev</name>
         <load_address>0x270</load_address>
         <run_address>0x270</run_address>
         <size>0x5c</size>
         <input_file_ref idref="fl-3"/>
      </object_component>
      <object_component id="oc-20">
         <name>.debug_abbrev</name>
         <load_address>0x2cc</load_address>
         <run_address>0x2cc</run_address>
         <size>0x29</size>
         <input_file_ref idref="fl-bd"/>
      </object_component>
      <object_component id="oc-59">
         <name>.debug_abbrev</name>
         <load_address>0x2f5</load_address>
         <run_address>0x2f5</run_address>
         <size>0x55</size>
         <input_file_ref idref="fl-bd"/>
      </object_component>
      <object_component id="oc-64">
         <name>.debug_abbrev</name>
         <load_address>0x34a</load_address>
         <run_address>0x34a</run_address>
         <size>0x55</size>
         <input_file_ref idref="fl-bf"/>
      </object_component>
      <object_component id="oc-a4">
         <name>.debug_abbrev</name>
         <load_address>0x39f</load_address>
         <run_address>0x39f</run_address>
         <size>0x45</size>
         <input_file_ref idref="fl-c1"/>
      </object_component>
      <object_component id="oc-122">
         <name>.debug_abbrev</name>
         <load_address>0x3e4</load_address>
         <run_address>0x3e4</run_address>
         <size>0xf</size>
      </object_component>
      <object_component id="oc-55">
         <name>.debug_aranges</name>
         <load_address>0x0</load_address>
         <run_address>0x0</run_address>
         <size>0x38</size>
         <input_file_ref idref="fl-2"/>
      </object_component>
      <object_component id="oc-1b">
         <name>.debug_aranges</name>
         <load_address>0x38</load_address>
         <run_address>0x38</run_address>
         <size>0x1c8</size>
         <input_file_ref idref="fl-3"/>
      </object_component>
      <object_component id="oc-31">
         <name>.debug_aranges</name>
         <load_address>0x200</load_address>
         <run_address>0x200</run_address>
         <size>0x20</size>
         <input_file_ref idref="fl-bd"/>
      </object_component>
      <object_component id="oc-51">
         <name>.debug_aranges</name>
         <load_address>0x220</load_address>
         <run_address>0x220</run_address>
         <size>0x20</size>
         <input_file_ref idref="fl-bf"/>
      </object_component>
      <object_component id="oc-67">
         <name>.debug_aranges</name>
         <load_address>0x240</load_address>
         <run_address>0x240</run_address>
         <size>0x20</size>
         <input_file_ref idref="fl-c1"/>
      </object_component>
      <object_component id="oc-56">
         <name>.debug_pubnames</name>
         <load_address>0x0</load_address>
         <run_address>0x0</run_address>
         <size>0x4b</size>
         <input_file_ref idref="fl-2"/>
      </object_component>
      <object_component id="oc-12">
         <name>.debug_pubnames</name>
         <load_address>0x4b</load_address>
         <run_address>0x4b</run_address>
         <size>0x27</size>
         <input_file_ref idref="fl-3"/>
      </object_component>
      <object_component id="oc-1a">
         <name>.debug_pubnames</name>
         <load_address>0x72</load_address>
         <run_address>0x72</run_address>
         <size>0x474</size>
         <input_file_ref idref="fl-3"/>
      </object_component>
      <object_component id="oc-16">
         <name>.debug_pubnames</name>
         <load_address>0x4e6</load_address>
         <run_address>0x4e6</run_address>
         <size>0x1e</size>
         <input_file_ref idref="fl-bd"/>
      </object_component>
      <object_component id="oc-33">
         <name>.debug_pubnames</name>
         <load_address>0x504</load_address>
         <run_address>0x504</run_address>
         <size>0x2d</size>
         <input_file_ref idref="fl-bd"/>
      </object_component>
      <object_component id="oc-50">
         <name>.debug_pubnames</name>
         <load_address>0x531</load_address>
         <run_address>0x531</run_address>
         <size>0x27</size>
         <input_file_ref idref="fl-bf"/>
      </object_component>
      <object_component id="oc-69">
         <name>.debug_pubnames</name>
         <load_address>0x558</load_address>
         <run_address>0x558</run_address>
         <size>0x1c</size>
         <input_file_ref idref="fl-c1"/>
      </object_component>
      <object_component id="oc-1c">
         <name>.debug_frame</name>
         <load_address>0x0</load_address>
         <run_address>0x0</run_address>
         <size>0x478</size>
         <input_file_ref idref="fl-3"/>
      </object_component>
      <object_component id="oc-35">
         <name>.debug_frame</name>
         <load_address>0x478</load_address>
         <run_address>0x478</run_address>
         <size>0x50</size>
         <input_file_ref idref="fl-bd"/>
      </object_component>
      <object_component id="oc-52">
         <name>.debug_frame</name>
         <load_address>0x4c8</load_address>
         <run_address>0x4c8</run_address>
         <size>0x54</size>
         <input_file_ref idref="fl-bf"/>
      </object_component>
      <object_component id="oc-6a">
         <name>.debug_frame</name>
         <load_address>0x51c</load_address>
         <run_address>0x51c</run_address>
         <size>0x54</size>
         <input_file_ref idref="fl-c1"/>
      </object_component>
      <object_component id="oc-2f">
         <name>.debug_str</name>
         <load_address>0x0</load_address>
         <run_address>0x0</run_address>
         <size>0x29b</size>
         <input_file_ref idref="fl-3"/>
      </object_component>
      <object_component id="oc-26">
         <name>.debug_str</name>
         <load_address>0x29b</load_address>
         <run_address>0x29b</run_address>
         <size>0xfe</size>
         <input_file_ref idref="fl-3"/>
      </object_component>
      <object_component id="oc-4c">
         <name>.debug_str</name>
         <load_address>0x399</load_address>
         <run_address>0x399</run_address>
         <size>0x32a</size>
         <input_file_ref idref="fl-3"/>
      </object_component>
      <object_component id="oc-2c">
         <name>.debug_pubtypes</name>
         <load_address>0x0</load_address>
         <run_address>0x0</run_address>
         <size>0x25c</size>
         <input_file_ref idref="fl-3"/>
      </object_component>
      <object_component id="oc-23">
         <name>.debug_pubtypes</name>
         <load_address>0x25c</load_address>
         <run_address>0x25c</run_address>
         <size>0xed</size>
         <input_file_ref idref="fl-3"/>
      </object_component>
      <object_component id="oc-49">
         <name>.debug_pubtypes</name>
         <load_address>0x349</load_address>
         <run_address>0x349</run_address>
         <size>0x325</size>
         <input_file_ref idref="fl-3"/>
      </object_component>
   </object_component_list>
   <logical_group_list>
      <logical_group id="lg-4" display="no" color="cyan">
         <name>.intvecs</name>
         <load_address>0x0</load_address>
         <run_address>0x0</run_address>
         <size>0x144</size>
         <contents>
            <object_component_ref idref="oc-10"/>
         </contents>
      </logical_group>
      <logical_group id="lg-5" display="no" color="cyan">
         <name>.text</name>
         <load_address>0x144</load_address>
         <run_address>0x144</run_address>
         <size>0x19c</size>
         <contents>
            <object_component_ref idref="oc-53"/>
            <object_component_ref idref="oc-17"/>
            <object_component_ref idref="oc-30"/>
            <object_component_ref idref="oc-4d"/>
            <object_component_ref idref="oc-66"/>
         </contents>
      </logical_group>
      <logical_group id="lg-6" display="no" color="cyan">
         <name>.const</name>
         <run_address>0x0</run_address>
         <size>0x0</size>
         <contents>
         </contents>
      </logical_group>
      <logical_group id="lg-7" display="no" color="cyan">
         <name>.cinit</name>
         <run_address>0x0</run_address>
         <size>0x0</size>
         <contents>
         </contents>
      </logical_group>
      <logical_group id="lg-8" display="no" color="cyan">
         <name>.pinit</name>
         <run_address>0x0</run_address>
         <size>0x0</size>
         <contents>
         </contents>
      </logical_group>
      <logical_group id="lg-9" display="no" color="cyan">
         <name>.flashMailbox</name>
         <run_address>0x0</run_address>
         <size>0x0</size>
         <contents>
         </contents>
      </logical_group>
      <logical_group id="lg-a" display="no" color="cyan">
         <name>.vtable</name>
         <run_address>0x0</run_address>
         <size>0x0</size>
         <contents>
         </contents>
      </logical_group>
      <logical_group id="lg-b" display="no" color="cyan">
         <name>.data</name>
         <run_address>0x0</run_address>
         <size>0x0</size>
         <contents>
         </contents>
      </logical_group>
      <logical_group id="lg-c" display="no" color="cyan">
         <name>.bss</name>
         <run_address>0x0</run_address>
         <size>0x0</size>
         <contents>
         </contents>
      </logical_group>
      <logical_group id="lg-d" display="no" color="cyan">
         <name>.sysmem</name>
         <run_address>0x0</run_address>
         <size>0x0</size>
         <contents>
         </contents>
      </logical_group>
      <logical_group id="lg-e" display="no" color="cyan">
         <name>.stack</name>
         <run_address>0x2000fff8</run_address>
         <size>0x4</size>
         <contents>
            <object_component_ref idref="oc-14"/>
            <object_component_ref idref="oc-120"/>
         </contents>
      </logical_group>
      <logical_group id="lg-fa" display="no" color="cyan">
         <name>.TI.noinit</name>
         <run_address>0x0</run_address>
         <size>0x0</size>
         <contents>
         </contents>
      </logical_group>
      <logical_group id="lg-fb" display="no" color="cyan">
         <name>.TI.persistent</name>
         <run_address>0x0</run_address>
         <size>0x0</size>
         <contents>
         </contents>
      </logical_group>
      <logical_group id="lg-109" display="never" color="cyan">
         <name>.debug_info</name>
         <load_address>0x0</load_address>
         <run_address>0x0</run_address>
         <size>0x26da</size>
         <contents>
            <object_component_ref idref="oc-54"/>
            <object_component_ref idref="oc-1f"/>
            <object_component_ref idref="oc-11"/>
            <object_component_ref idref="oc-19"/>
            <object_component_ref idref="oc-2b"/>
            <object_component_ref idref="oc-22"/>
            <object_component_ref idref="oc-48"/>
            <object_component_ref idref="oc-15"/>
            <object_component_ref idref="oc-32"/>
            <object_component_ref idref="oc-4f"/>
            <object_component_ref idref="oc-68"/>
            <object_component_ref idref="oc-121"/>
         </contents>
      </logical_group>
      <logical_group id="lg-10b" display="never" color="cyan">
         <name>.debug_line</name>
         <load_address>0x0</load_address>
         <run_address>0x0</run_address>
         <size>0x85d</size>
         <contents>
            <object_component_ref idref="oc-57"/>
            <object_component_ref idref="oc-2a"/>
            <object_component_ref idref="oc-1e"/>
            <object_component_ref idref="oc-18"/>
            <object_component_ref idref="oc-2e"/>
            <object_component_ref idref="oc-25"/>
            <object_component_ref idref="oc-4b"/>
            <object_component_ref idref="oc-21"/>
            <object_component_ref idref="oc-34"/>
            <object_component_ref idref="oc-4e"/>
            <object_component_ref idref="oc-6b"/>
         </contents>
      </logical_group>
      <logical_group id="lg-10d" display="never" color="cyan">
         <name>.debug_abbrev</name>
         <load_address>0x0</load_address>
         <run_address>0x0</run_address>
         <size>0x3f3</size>
         <contents>
            <object_component_ref idref="oc-65"/>
            <object_component_ref idref="oc-29"/>
            <object_component_ref idref="oc-1d"/>
            <object_component_ref idref="oc-28"/>
            <object_component_ref idref="oc-2d"/>
            <object_component_ref idref="oc-24"/>
            <object_component_ref idref="oc-4a"/>
            <object_component_ref idref="oc-20"/>
            <object_component_ref idref="oc-59"/>
            <object_component_ref idref="oc-64"/>
            <object_component_ref idref="oc-a4"/>
            <object_component_ref idref="oc-122"/>
         </contents>
      </logical_group>
      <logical_group id="lg-10f" display="never" color="cyan">
         <name>.debug_aranges</name>
         <load_address>0x0</load_address>
         <run_address>0x0</run_address>
         <size>0x260</size>
         <contents>
            <object_component_ref idref="oc-55"/>
            <object_component_ref idref="oc-1b"/>
            <object_component_ref idref="oc-31"/>
            <object_component_ref idref="oc-51"/>
            <object_component_ref idref="oc-67"/>
         </contents>
      </logical_group>
      <logical_group id="lg-111" display="never" color="cyan">
         <name>.debug_pubnames</name>
         <load_address>0x0</load_address>
         <run_address>0x0</run_address>
         <size>0x574</size>
         <contents>
            <object_component_ref idref="oc-56"/>
            <object_component_ref idref="oc-12"/>
            <object_component_ref idref="oc-1a"/>
            <object_component_ref idref="oc-16"/>
            <object_component_ref idref="oc-33"/>
            <object_component_ref idref="oc-50"/>
            <object_component_ref idref="oc-69"/>
         </contents>
      </logical_group>
      <logical_group id="lg-113" display="never" color="cyan">
         <name>.debug_frame</name>
         <load_address>0x0</load_address>
         <run_address>0x0</run_address>
         <size>0x570</size>
         <contents>
            <object_component_ref idref="oc-1c"/>
            <object_component_ref idref="oc-35"/>
            <object_component_ref idref="oc-52"/>
            <object_component_ref idref="oc-6a"/>
         </contents>
      </logical_group>
      <logical_group id="lg-115" display="never" color="cyan">
         <name>.debug_str</name>
         <load_address>0x0</load_address>
         <run_address>0x0</run_address>
         <size>0x6c3</size>
         <contents>
            <object_component_ref idref="oc-2f"/>
            <object_component_ref idref="oc-26"/>
            <object_component_ref idref="oc-4c"/>
         </contents>
      </logical_group>
      <logical_group id="lg-117" display="never" color="cyan">
         <name>.debug_pubtypes</name>
         <load_address>0x0</load_address>
         <run_address>0x0</run_address>
         <size>0x66e</size>
         <contents>
            <object_component_ref idref="oc-2c"/>
            <object_component_ref idref="oc-23"/>
            <object_component_ref idref="oc-49"/>
         </contents>
      </logical_group>
      <load_segment id="lg-125" display="no" color="cyan">
         <name>SEGMENT_0</name>
         <load_address>0x0</load_address>
         <run_address>0x0</run_address>
         <size>0x2e0</size>
         <flags>0x5</flags>
         <contents>
            <logical_group_ref idref="lg-4"/>
            <logical_group_ref idref="lg-5"/>
         </contents>
      </load_segment>
      <load_segment id="lg-126" display="no" color="cyan">
         <name>SEGMENT_1</name>
         <run_address>0x2000fff8</run_address>
         <size>0x4</size>
         <flags>0x6</flags>
         <contents>
            <logical_group_ref idref="lg-e"/>
         </contents>
      </load_segment>
   </logical_group_list>
   <placement_map>
      <memory_area display="yes" color="green">
         <name>MAIN</name>
         <page_id>0x0</page_id>
         <origin>0x0</origin>
         <length>0x40000</length>
         <used_space>0x2e0</used_space>
         <unused_space>0x3fd20</unused_space>
         <attributes>RX</attributes>
         <usage_details>
            <allocated_space>
               <start_address>0x0</start_address>
               <size>0x144</size>
               <logical_group_ref idref="lg-4"/>
            </allocated_space>
            <allocated_space>
               <start_address>0x144</start_address>
               <size>0x19c</size>
               <logical_group_ref idref="lg-5"/>
            </allocated_space>
            <available_space>
               <start_address>0x2e0</start_address>
               <size>0x3fd20</size>
            </available_space>
         </usage_details>
      </memory_area>
      <memory_area display="yes" color="green">
         <name>INFO</name>
         <page_id>0x0</page_id>
         <origin>0x200000</origin>
         <length>0x4000</length>
         <used_space>0x0</used_space>
         <unused_space>0x4000</unused_space>
         <attributes>RX</attributes>
         <usage_details>
         </usage_details>
      </memory_area>
      <memory_area display="yes" color="green">
         <name>SRAM_CODE</name>
         <page_id>0x0</page_id>
         <origin>0x1000000</origin>
         <length>0x10000</length>
         <used_space>0x0</used_space>
         <unused_space>0x10000</unused_space>
         <attributes>RWX</attributes>
         <usage_details>
         </usage_details>
      </memory_area>
      <memory_area display="yes" color="green">
         <name>SRAM_DATA</name>
         <page_id>0x0</page_id>
         <origin>0x20000000</origin>
         <length>0x10000</length>
         <used_space>0x4</used_space>
         <unused_space>0xfffc</unused_space>
         <attributes>RW</attributes>
         <usage_details>
            <available_space>
               <start_address>0x20000000</start_address>
               <size>0xfff8</size>
            </available_space>
            <allocated_space>
               <start_address>0x2000fff8</start_address>
               <size>0x4</size>
               <logical_group_ref idref="lg-e"/>
            </allocated_space>
            <available_space>
               <start_address>0x2000fffc</start_address>
               <size>0x4</size>
            </available_space>
         </usage_details>
      </memory_area>
   </placement_map>
   <symbol_table>
      <symbol id="sm-1">
         <name>WDTCTL_SYM</name>
         <value>0x4000480c</value>
      </symbol>
      <symbol id="sm-2">
         <name>binit</name>
         <value>0xffffffff</value>
      </symbol>
      <symbol id="sm-3">
         <name>__binit__</name>
         <value>0xffffffff</value>
      </symbol>
      <symbol id="sm-4">
         <name>__STACK_SIZE</name>
         <value>0x4</value>
      </symbol>
      <symbol id="sm-5">
         <name>__STACK_END</name>
         <value>0x2000fffc</value>
      </symbol>
      <symbol id="sm-6">
         <name>__c_args__</name>
         <value>0xffffffff</value>
      </symbol>
      <symbol id="sm-7">
         <name>__TI_pprof_out_hndl</name>
         <value>0xffffffff</value>
      </symbol>
      <symbol id="sm-8">
         <name>__TI_prof_data_start</name>
         <value>0xffffffff</value>
      </symbol>
      <symbol id="sm-9">
         <name>__TI_prof_data_size</name>
         <value>0xffffffff</value>
      </symbol>
      <symbol id="sm-a">
         <name>__TI_static_base__</name>
         <value>0x0</value>
      </symbol>
      <symbol id="sm-3f">
         <name>main</name>
         <value>0x181</value>
         <object_component_ref idref="oc-53"/>
      </symbol>
      <symbol id="sm-ce">
         <name>T32_INT2_IRQHandler</name>
         <value>0x269</value>
         <object_component_ref idref="oc-17"/>
      </symbol>
      <symbol id="sm-cf">
         <name>PendSV_Handler</name>
         <value>0x231</value>
         <object_component_ref idref="oc-17"/>
      </symbol>
      <symbol id="sm-d0">
         <name>SysTick_Handler</name>
         <value>0x233</value>
         <object_component_ref idref="oc-17"/>
      </symbol>
      <symbol id="sm-d1">
         <name>EUSCIA3_IRQHandler</name>
         <value>0x25b</value>
         <object_component_ref idref="oc-17"/>
      </symbol>
      <symbol id="sm-d2">
         <name>SVC_Handler</name>
         <value>0x22d</value>
         <object_component_ref idref="oc-17"/>
      </symbol>
      <symbol id="sm-d3">
         <name>EUSCIB1_IRQHandler</name>
         <value>0x25f</value>
         <object_component_ref idref="oc-17"/>
      </symbol>
      <symbol id="sm-d4">
         <name>PORT4_IRQHandler</name>
         <value>0x281</value>
         <object_component_ref idref="oc-17"/>
      </symbol>
      <symbol id="sm-d5">
         <name>AES256_IRQHandler</name>
         <value>0x26d</value>
         <object_component_ref idref="oc-17"/>
      </symbol>
      <symbol id="sm-d6">
         <name>FPU_IRQHandler</name>
         <value>0x23d</value>
         <object_component_ref idref="oc-17"/>
      </symbol>
      <symbol id="sm-d7">
         <name>EUSCIB2_IRQHandler</name>
         <value>0x261</value>
         <object_component_ref idref="oc-17"/>
      </symbol>
      <symbol id="sm-d8">
         <name>PORT1_IRQHandler</name>
         <value>0x27b</value>
         <object_component_ref idref="oc-17"/>
      </symbol>
      <symbol id="sm-d9">
         <name>RTC_C_IRQHandler</name>
         <value>0x26f</value>
         <object_component_ref idref="oc-17"/>
      </symbol>
      <symbol id="sm-da">
         <name>TA2_0_IRQHandler</name>
         <value>0x24d</value>
         <object_component_ref idref="oc-17"/>
      </symbol>
      <symbol id="sm-db">
         <name>TA3_N_IRQHandler</name>
         <value>0x253</value>
         <object_component_ref idref="oc-17"/>
      </symbol>
      <symbol id="sm-dc">
         <name>DMA_INT3_IRQHandler</name>
         <value>0x273</value>
         <object_component_ref idref="oc-17"/>
      </symbol>
      <symbol id="sm-dd">
         <name>PORT2_IRQHandler</name>
         <value>0x27d</value>
         <object_component_ref idref="oc-17"/>
      </symbol>
      <symbol id="sm-de">
         <name>StartCritical</name>
         <value>0x293</value>
         <object_component_ref idref="oc-17"/>
      </symbol>
      <symbol id="sm-df">
         <name>TA0_0_IRQHandler</name>
         <value>0x245</value>
         <object_component_ref idref="oc-17"/>
      </symbol>
      <symbol id="sm-e0">
         <name>PSS_IRQHandler</name>
         <value>0x235</value>
         <object_component_ref idref="oc-17"/>
      </symbol>
      <symbol id="sm-e1">
         <name>TA1_N_IRQHandler</name>
         <value>0x24b</value>
         <object_component_ref idref="oc-17"/>
      </symbol>
      <symbol id="sm-e2">
         <name>EUSCIA1_IRQHandler</name>
         <value>0x257</value>
         <object_component_ref idref="oc-17"/>
      </symbol>
      <symbol id="sm-e3">
         <name>EUSCIA2_IRQHandler</name>
         <value>0x259</value>
         <object_component_ref idref="oc-17"/>
      </symbol>
      <symbol id="sm-e4">
         <name>COMP_E0_IRQHandler</name>
         <value>0x241</value>
         <object_component_ref idref="oc-17"/>
      </symbol>
      <symbol id="sm-e5">
         <name>WDT_A_IRQHandler</name>
         <value>0x23b</value>
         <object_component_ref idref="oc-17"/>
      </symbol>
      <symbol id="sm-e6">
         <name>EUSCIB0_IRQHandler</name>
         <value>0x25d</value>
         <object_component_ref idref="oc-17"/>
      </symbol>
      <symbol id="sm-e7">
         <name>FLCTL_IRQHandler</name>
         <value>0x23f</value>
         <object_component_ref idref="oc-17"/>
      </symbol>
      <symbol id="sm-e8">
         <name>EndCritical</name>
         <value>0x29d</value>
         <object_component_ref idref="oc-17"/>
      </symbol>
      <symbol id="sm-e9">
         <name>DMA_INT1_IRQHandler</name>
         <value>0x277</value>
         <object_component_ref idref="oc-17"/>
      </symbol>
      <symbol id="sm-ea">
         <name>PCM_IRQHandler</name>
         <value>0x239</value>
         <object_component_ref idref="oc-17"/>
      </symbol>
      <symbol id="sm-eb">
         <name>ADC14_IRQHandler</name>
         <value>0x265</value>
         <object_component_ref idref="oc-17"/>
      </symbol>
      <symbol id="sm-ec">
         <name>T32_INTC_IRQHandler</name>
         <value>0x26b</value>
         <object_component_ref idref="oc-17"/>
      </symbol>
      <symbol id="sm-ed">
         <name>DMA_INT2_IRQHandler</name>
         <value>0x275</value>
         <object_component_ref idref="oc-17"/>
      </symbol>
      <symbol id="sm-ee">
         <name>TA3_0_IRQHandler</name>
         <value>0x251</value>
         <object_component_ref idref="oc-17"/>
      </symbol>
      <symbol id="sm-ef">
         <name>EUSCIA0_IRQHandler</name>
         <value>0x255</value>
         <object_component_ref idref="oc-17"/>
      </symbol>
      <symbol id="sm-f0">
         <name>DMA_ERR_IRQHandler</name>
         <value>0x271</value>
         <object_component_ref idref="oc-17"/>
      </symbol>
      <symbol id="sm-f1">
         <name>DisableInterrupts</name>
         <value>0x287</value>
         <object_component_ref idref="oc-17"/>
      </symbol>
      <symbol id="sm-f2">
         <name>PORT5_IRQHandler</name>
         <value>0x283</value>
         <object_component_ref idref="oc-17"/>
      </symbol>
      <symbol id="sm-f3">
         <name>TA1_0_IRQHandler</name>
         <value>0x249</value>
         <object_component_ref idref="oc-17"/>
      </symbol>
      <symbol id="sm-f4">
         <name>TA2_N_IRQHandler</name>
         <value>0x24f</value>
         <object_component_ref idref="oc-17"/>
      </symbol>
      <symbol id="sm-f5">
         <name>COMP_E1_IRQHandler</name>
         <value>0x243</value>
         <object_component_ref idref="oc-17"/>
      </symbol>
      <symbol id="sm-f6">
         <name>EUSCIB3_IRQHandler</name>
         <value>0x263</value>
         <object_component_ref idref="oc-17"/>
      </symbol>
      <symbol id="sm-f7">
         <name>WaitForInterrupt</name>
         <value>0x2a5</value>
         <object_component_ref idref="oc-17"/>
      </symbol>
      <symbol id="sm-f8">
         <name>interruptVectors</name>
         <value>0x0</value>
         <object_component_ref idref="oc-10"/>
      </symbol>
      <symbol id="sm-f9">
         <name>EnableInterrupts</name>
         <value>0x28d</value>
         <object_component_ref idref="oc-17"/>
      </symbol>
      <symbol id="sm-fa">
         <name>PORT6_IRQHandler</name>
         <value>0x285</value>
         <object_component_ref idref="oc-17"/>
      </symbol>
      <symbol id="sm-fb">
         <name>TA0_N_IRQHandler</name>
         <value>0x247</value>
         <object_component_ref idref="oc-17"/>
      </symbol>
      <symbol id="sm-fc">
         <name>T32_INT1_IRQHandler</name>
         <value>0x267</value>
         <object_component_ref idref="oc-17"/>
      </symbol>
      <symbol id="sm-fd">
         <name>DebugMon_Handler</name>
         <value>0x22f</value>
         <object_component_ref idref="oc-17"/>
      </symbol>
      <symbol id="sm-fe">
         <name>DMA_INT0_IRQHandler</name>
         <value>0x279</value>
         <object_component_ref idref="oc-17"/>
      </symbol>
      <symbol id="sm-ff">
         <name>PORT3_IRQHandler</name>
         <value>0x27f</value>
         <object_component_ref idref="oc-17"/>
      </symbol>
      <symbol id="sm-100">
         <name>CS_IRQHandler</name>
         <value>0x237</value>
         <object_component_ref idref="oc-17"/>
      </symbol>
      <symbol id="sm-113">
         <name>_c_int00_noinit_noargs</name>
         <value>0x2ad</value>
         <object_component_ref idref="oc-30"/>
      </symbol>
      <symbol id="sm-114">
         <name>__stack</name>
         <value>0x2000fff8</value>
         <object_component_ref idref="oc-14"/>
      </symbol>
      <symbol id="sm-11f">
         <name>_system_pre_init</name>
         <value>0x2d9</value>
         <object_component_ref idref="oc-4d"/>
      </symbol>
      <symbol id="sm-12b">
         <name>C$$EXIT</name>
         <value>0x2dd</value>
         <object_component_ref idref="oc-66"/>
      </symbol>
      <symbol id="sm-12c">
         <name>abort</name>
         <value>0x2dd</value>
         <object_component_ref idref="oc-66"/>
      </symbol>
      <symbol id="sm-130">
         <name>__mpu_init</name>
         <value>0x0</value>
      </symbol>
   </symbol_table>
   <title>Link successful</title>
</link_info>
